[
    {
        "_id": "65fed041f95efbbda1eb643f",
        "allergy_name": "\ub300\ub450",
        "allergy_hazard": [
            "\ub300\ub450",
            "\uc57c\ucc44\uc804\ubd84",
            "\ubbf8\uc18c",
            "\ub450\uc720",
            "\ub450\ubd80",
            "\uc720\ubd80",
            "\ucf69\ub098\ubb3c",
            "\uace0\ucd94\uc7a5",
            "\uac04\uc7a5",
            "\ucf69\uae30\ub984",
            "\ub41c\uc7a5",
            "\ucf69\uac00\ub8e8",
            "\uc77c\ubcf8\ub41c\uc7a5"
        ]
    },
    {
        "_id": "65fed041f95efbbda1eb6440",
        "allergy_name": "\ub545\ucf69",
        "allergy_hazard": [
            "\ub545\ucf69"
        ]
    },
    {
        "_id": "65fed041f95efbbda1eb6441",
        "allergy_name": "\ud638\ub450",
        "allergy_hazard": [
            "\ud638\ub450"
        ]
    },
    {
        "_id": "65fed041f95efbbda1eb6442",
        "allergy_name": "\uc7a3",
        "allergy_hazard": [
            "\uc7a3"
        ]
    },
    {
        "_id": "65fed041f95efbbda1eb6443",
        "allergy_name": "\uc544\ud669\uc0b0\ub958",
        "allergy_hazard": []
    },
    {
        "_id": "65fed041f95efbbda1eb6444",
        "allergy_name": "\ubcf5\uc22d\uc544",
        "allergy_hazard": [
            "\ubcf5\uc22d\uc544"
        ]
    },
    {
        "_id": "65fed041f95efbbda1eb6445",
        "allergy_name": "\ud1a0\ub9c8\ud1a0",
        "allergy_hazard": [
            "\ud1a0\ub9c8\ud1a0"
        ]
    },
    {
        "_id": "65fed041f95efbbda1eb6446",
        "allergy_name": "\ub09c\ub958",
        "allergy_hazard": [
            "\ub2ec\uac40",
            "\uacc4\ub780",
            "\uba54\ucd94\ub9ac\uc54c"
        ]
    },
    {
        "_id": "65fed041f95efbbda1eb6447",
        "allergy_name": "\uc6b0\uc720",
        "allergy_hazard": [
            "\uc6b0\uc720"
        ]
    },
    {
        "_id": "65fed041f95efbbda1eb6448",
        "allergy_name": "\uc0c8\uc6b0",
        "allergy_hazard": [
            "\ud64d\ud569",
            "\ubc14\uc9c0\ub77d",
            "\uc870\uac1c",
            "\uc0c8\uc6b0",
            "\ubcf4\ub9ac\uc0c8\uc6b0",
            "\uc8fc\uafb8\ubbf8",
            "\uaf2c\ub9c9",
            "\ub300\ud558",
            "\uc804\ubcf5",
            "\uc0c8\uc870\uac1c",
            "\uc624\uc9d5\uc5b4",
            "\ubb38\uc5b4",
            "\uad74",
            "\uac00\ub9ac\ube44",
            "\uad74\uc18c\uc2a4",
            "\uac8c",
            "\uac00\uc7ac"
        ]
    },
    {
        "_id": "65fed041f95efbbda1eb6449",
        "allergy_name": "\uace0\ub4f1\uc5b4",
        "allergy_hazard": [
            "\uace0\ub4f1\uc5b4"
        ]
    },
    {
        "_id": "65fed041f95efbbda1eb644a",
        "allergy_name": "\uc624\uc9d5\uc5b4",
        "allergy_hazard": [
            "\ud64d\ud569",
            "\ubc14\uc9c0\ub77d",
            "\uc870\uac1c",
            "\uc0c8\uc6b0",
            "\ubcf4\ub9ac\uc0c8\uc6b0",
            "\uc8fc\uafb8\ubbf8",
            "\uaf2c\ub9c9",
            "\ub300\ud558",
            "\uc804\ubcf5",
            "\uc0c8\uc870\uac1c",
            "\uc624\uc9d5\uc5b4",
            "\ubb38\uc5b4",
            "\uad74",
            "\uac00\ub9ac\ube44",
            "\uad74\uc18c\uc2a4",
            "\uac8c",
            "\uac00\uc7ac",
            "\ub9e4\ub048\uc774\uace0\ub465"
        ]
    },
    {
        "_id": "65fed041f95efbbda1eb644b",
        "allergy_name": "\uac8c",
        "allergy_hazard": [
            "\uac8c",
            "\uac8c\ub9db\uc0b4",
            "\ud64d\ud569",
            "\ubc14\uc9c0\ub77d",
            "\uc870\uac1c",
            "\uc0c8\uc6b0",
            "\ubcf4\ub9ac\uc0c8\uc6b0",
            "\ucb48\uafb8\ubbf8",
            "\uaf2c\ub9c9",
            "\ub300\ud558",
            "\uc804\ubcf5",
            "\uc0c8\uc870\uac1c",
            "\uc624\uc9d5\uc5b4",
            "\ubb38\uc5b4",
            "\uad74",
            "\uac00\ub9ac\ube44",
            "\uad74\uc18c\uc2a4",
            "\uac00\uc7ac"
        ]
    },
    {
        "_id": "65fed041f95efbbda1eb644c",
        "allergy_name": "\uc870\uac1c\ub958",
        "allergy_hazard": [
            "\ud64d\ud569",
            "\ubc14\uc9c0\ub77d",
            "\uc870\uac1c",
            "\uc0c8\uc6b0",
            "\ubcf4\ub9ac\uc0c8\uc6b0",
            "\uc8fc\uafb8\ubbf8",
            "\uaf2c\ub9c9",
            "\ub300\ud558",
            "\uc804\ubcf5",
            "\uc0c8\uc870\uac1c",
            "\uc624\uc9d5\uc5b4",
            "\ubb38\uc5b4",
            "\uad74",
            "\uac00\ub9ac\ube44",
            "\uad74\uc18c\uc2a4",
            "\uac8c",
            "\uac00\uc7ac"
        ]
    },
    {
        "_id": "65fed041f95efbbda1eb644d",
        "allergy_name": "\ub3fc\uc9c0\uace0\uae30",
        "allergy_hazard": [
            "\ub3fc\uc9c0\uace0\uae30"
        ]
    },
    {
        "_id": "65fed041f95efbbda1eb644e",
        "allergy_name": "\uc1e0\uace0\uae30",
        "allergy_hazard": [
            "\uc1e0\uace0\uae30",
            "\uc18c\uace0\uae30"
        ]
    },
    {
        "_id": "65fed041f95efbbda1eb644f",
        "allergy_name": "\ub2ed\uace0\uae30",
        "allergy_hazard": [
            "\ub2ed\uace0\uae30"
        ]
    },
    {
        "_id": "65fed041f95efbbda1eb6450",
        "allergy_name": "\uba54\ubc00",
        "allergy_hazard": [
            "\uba54\ubc00"
        ]
    }
]