[
    {
        "_id": "660385ef56ce92b6cbf1b130",
        "nutrition_name": "\ub9ac\ub180\ub80c\uc0b0",
        "nutrition_include": [
            "\uc0b4\ub9ac\ucf54\ub2c8\uc544 \uc624\uc77c",
            "\uc787\uaf43\uae30\ub984",
            "\ub2ec\ub9de\uc774\uaf43\uc720",
            "\uba5c\ub860\uc528\uc720",
            "\uc591\uadc0\ube44\uc528\uae30\ub984",
            "\ud3ec\ub3c4\uc528\uc720",
            "\ud574\ubc14\ub77c\uae30\uc528\uc720",
            "\ubcf4\uac80\uc120\uc778\uc7a5\uc528\uc720",
            "\uc0bc\uc528\uae30\ub984",
            "\uc625\uc218\uc218\uae30\ub984",
            "\ubc00\ubc30\uc544\uc720",
            "\uba74\uc2e4\uc720",
            "\ucf69\uae30\ub984",
            "\ud638\ub450\uae30\ub984",
            "\ucc38\uae30\ub984",
            "\uaca8\uae30\ub984",
            "\uc544\ub974\uac04 \uc624\uc77c",
            "\ud53c\uc2a4\ud0c0\uce58\uc624 \uc624\uc77c",
            "\ub545\ucf69\uae30\ub984",
            "\ubcf5\uc22d\uc544\uae30\ub984",
            "\uc544\ubaac\ub4dc",
            "\uce74\ub180\ub77c\uc720",
            "\ub2ed\uae30\ub984",
            "\ub2ec\uac78 \ub178\ub978\uc790",
            "\uc544\ub9c8\uc778\uc720",
            "\ub77c\ub4dc",
            "\uc62c\ub9ac\ube0c\uc720",
            "\ud31c\uc720",
            "\ub450\ub9ac\uc624 \uadf8\ub77c\ubca0\uc62c\ub80c\uc2a4",
            "\uce74\uce74\uc624 \ubc84\ud130",
            "\ub9c8\uce74\ub2e4\ubbf8\uc544\uae30\ub984",
            "\ubc84\ud130",
            "\ucf54\ucf54\ub11b\uae30\ub984"
        ]
    },
    {
        "_id": "660385ef56ce92b6cbf1b131",
        "nutrition_name": "\uc54c\ud30c-\ub9ac\ub180\ub80c\uc0b0",
        "nutrition_include": [
            "\uce58\uc544\uc2dc\ub4dc",
            "\ud0a4\uc704",
            "\ub4e4\uae68",
            "\uc544\ub9c8\uc528",
            "\uc6d4\uade4",
            "\uce74\uba5c\ub9ac\ub098",
            "\uc1e0\ube44\ub984",
            "\uc0b0\uc790\ub098\ubb34",
            "\uc0bc",
            "\ud638\ub450",
            "\uc720\ucc44",
            "\ucf69",
            "\ud638\ubc15\uc528",
            "\uce74\ub180\ub77c\uc720"
        ]
    },
    {
        "_id": "660385ef56ce92b6cbf1b132",
        "nutrition_name": "EPA-DHA",
        "nutrition_include": [
            "\ud638\ub450",
            "\ucc38\uce58",
            "\uac00\uc790\ubbf8",
            "\uc544\ubcf4\uce74\ub3c4",
            "\uc0c8\uc1a1\uc774\ubc84\uc12f",
            "\uac00\ub2e4\ub791\uc5b4",
            "\ub119\uce58",
            "\uc544\ubaac\ub4dc",
            "\uccad\uc5b4",
            "\uc5f0\uc5b4",
            "\uace0\ub4f1\uc5b4",
            "\uc544\ub9c8\uc528\uc720",
            "\uc815\uc5b4\ub9ac",
            "\uce74\ub180\ub77c\uc720",
            "\uad74",
            "\ud669\uc0c8\uce58",
            "\ub300\uad6c\uac04\uc720",
            "\uc544\ub9c8\uc528\uae30\ub984",
            "\ud638\ubc15\uc528"
        ]
    },
    {
        "_id": "660385ef56ce92b6cbf1b133",
        "nutrition_name": "\uba54\ud2f0\uc624\ub2cc",
        "nutrition_include": [
            "\ub3fc\uc9c0\uace0\uae30",
            "\ud31d\ucf58",
            "\uce60\uba74\uc870",
            "\uc591\ud30c",
            "\ud034\ub178\uc544",
            "\ub450\ubd80",
            "\ub545\ucf69",
            "\uc0dd\uc120",
            "\uac10\uc790",
            "\ub300\ub450",
            "\uc625\uc218\uc218",
            "\uc6b0\uc720",
            "\ucf69",
            "\uac80\uc815\ucf69",
            "\uac10\uade4",
            "\uc2dc\uae08\uce58",
            "\ub9c9\uac78\ub9ac",
            "\uc694\uad6c\ub974\ud2b8",
            "\uacac\uacfc\ub958",
            "\ube0c\ub85c\ucf5c\ub9ac",
            "\ucf69\ub098\ubb3c",
            "\uc18c\uace0\uae30",
            "\uac15\ub0ad\ucf69",
            "\ub179\ub450",
            "\uc624\ub80c\uc9c0",
            "\uacc4\ub780",
            "\uce58\uc988",
            "\ub9c8\ub298"
        ]
    },
    {
        "_id": "660385ef56ce92b6cbf1b134",
        "nutrition_name": "\ub958\uc2e0",
        "nutrition_include": [
            "\uc0c8\uc6b0",
            "\ud584",
            "\ub300\ub450",
            "\ub3fc\uc9c0\uace0\uae30",
            "\uce58\uc988",
            "\uace0\uae30",
            "\uc18c\uace0\uae30",
            "\uc591\uace0\uae30",
            "\ub2ed\ub2e4\ub9ac",
            "\uc5f0\uc5b4",
            "\uc6b0\uc720",
            "\ub450\ubd80",
            "\uacc4\ub780",
            "\uc694\uac70\ud2b8",
            "\uac15\ub0ad\ucf69",
            "\ucc38\uce58",
            "\uc544\ubaac\ub4dc",
            "\ubca0\uc774\ucee8",
            "\ub80c\ud2f8\ucf69",
            "\uc18c\uc138\uc9c0",
            "\ucf69",
            "\ud574\ubc14\ub77c\uae30\uc528",
            "\ub545\ucf69",
            "\ud638\ubc15\uc528",
            "\ub2ed\uac00\uc2b4\uc0b4",
            "\ud53c\uc2a4\ud0c0\uce58\uc624"
        ]
    },
    {
        "_id": "660385ef56ce92b6cbf1b135",
        "nutrition_name": "\uc774\uc18c\ub958\uc2e0",
        "nutrition_include": [
            "\uc1a1\uc544\uc9c0 \uace0\uae30",
            "\ucf69",
            "\uacc4\ub780",
            "\uace0\uae30",
            "\uac00\uacf5\uce58\uc988",
            "\uc6b0\uc720",
            "\uc0dd\uc120",
            "\uace1\ubb3c",
            "\ub2ec\uac40",
            "\uc720\uc81c\ud488",
            "\uacac\uacfc\ub958",
            "\uc5f0\uc5b4",
            "\ub2ed\uace0\uae30"
        ]
    },
    {
        "_id": "660385ef56ce92b6cbf1b136",
        "nutrition_name": "\ubc1c\ub9b0",
        "nutrition_include": [
            "\uace0\uae30",
            "\uc6b0\uc720",
            "\ucf69"
        ]
    },
    {
        "_id": "660385ef56ce92b6cbf1b137",
        "nutrition_name": "\ub77c\uc774\uc2e0",
        "nutrition_include": [
            "\uace0\ucd94",
            "\uc6b0\uc720",
            "\uace0\ub4f1\uc5b4",
            "\uc2a4\ud53c\ub8e8\ub9ac\ub098",
            "\uc870\uac1c",
            "\uc6b0\ub7ed",
            "\ud1a0\ub9c8\ud1a0",
            "\ub3fc\uc9c0\uace0\uae30",
            "\uba85\ud0dc",
            "\ub450\ubd80",
            "\ud0c8\uc9c0\ubd84\uc720",
            "\ub2ed\uace0\uae30",
            "\uba78\uce58",
            "\uc625\ub3d4",
            "\ud53c\uc2a4\ud0c0\uce58\uc624",
            "\uce58\uc988",
            "\uac10\uc790",
            "\ud325",
            "\ud638\ubc15\uc528",
            "\uc0b4\uad6c",
            "\uce90\uc288\ub11b",
            "\uc0dd\uc120",
            "\ucf69",
            "\ubc30",
            "\ub9c8\uce74\ub2e4\ubbf8\uc544"
        ]
    }
]