[
    {
        "_id": "660c9c3c9b7a9e791d4675bd",
        "recipe_title": "\uc7a3\uc8fd ",
        "recipe_img_url": "https://recipe1.ezmember.co.kr/cache/recipe/2015/10/30/35e998396c5438a63cc3d7845133325c.jpg",
        "recipe_steps": [
            {
                "recipe_step_content": "\uba3c\uc800 \uc300\uc740 \uc885\uc774\ucef5\uc73c\ub85c 1\ucef5\uc744 \ubd88\ub9ac\uba74 \ub300\ub7b5 \ubd88\ub824\uc9c4 \uc0c1\ud0dc\uc77c\ub54c \uc57d 1\ucef5 \ubc18\uc774 \ub420 \uac81\ub2c8\ub2e4. \uc300\uc740 \ubbf8\ub9ac \uc53b\uc5b4\uc11c \ubb3c\uc5d0 \ub2f4\uac00 \ubd88\ub824 \uc8fc\uc2dc\ub294\ub370 4\uc778\uc774 \ub109\ub109\ud558\uac8c \uba39\uc73c\ub824\uba74 \ubd88\ub9b0 \uc300 1\ucef5+2\ubd84\uc758 1\ucef5 \uc744 \uc900\ube44\ud558\uc138\uc694.",
                "recipe_step_img": "https://recipe1.ezmember.co.kr/cache/recipe/2015/10/30/679d4f62ebabf50c5c07ff5f58fef92e1.jpg"
            },
            {
                "recipe_step_content": "\uc190\uc9c8\ub41c \uc7a3 1\ucef5\uc744 \uadf8\ub987\uc5d0 \ud3c9\ud3c9\ud558\uac8c \ud3bc\uccd0 \ub193\uace0 \uc804\uc790\ub808\uc778\uc9c0\uc5d0 \ub123\uc5b4\uc11c \uc57d 1\ubd84~1\ubd84 30\ucd08 \uc815\ub3c4 \ub3cc\ub824 \uc8fc\uc5c8\uc5b4\uc694. \uc870\uae08 \uc9c0\ub098\uba74 \ubcf4\uc2ac\ubcf4\uc2ac \uc7a3\uc774 \uc218\ubd84\uc774 \ub0a0\ub77c\uac00 \ubf40\uc1a1\ud574 \uc9c4\ub2f5\ub2c8\ub2e4.\uc804\uc790\ub808\uc778\uc9c0",
                "recipe_step_img": "https://recipe1.ezmember.co.kr/cache/recipe/2015/10/30/1883ce3b820443c2526b36d82b87dae51.jpg"
            },
            {
                "recipe_step_content": "\uc7a3 1\ucef5\uc5d0 \ubb3c 1\ucef5\uc744 \ubbf9\uc11c\uae30 \uc548\uc5d0 \ub123\uace0 \uac08\uc544\uc90d\ub2c8\ub2e4. \uc7a3\uacfc \ubb3c\uc758 \uc591\uc744 \ub3d9\ub7c9\uc73c\ub85c \ub123\uc5b4\uc11c \uac08\uba74 \uac00\uc7a5 \uacf1\uac8c \uc798 \uac08\ub9ac\ub294 \uc815\uc810\uc778\uac83 \uac19\uc544\uc694. \uc77c\ub2e8 \uc774\ub807\uac8c \ub123\uc5b4\uc11c \uc7a3\uc744 \uacf1\uac8c \uac08\uc544\uc90d\ub2c8\ub2e4. \uc7a3\uc774 \ub2e4 \uac08\ub9ac\uac8c \ub418\uba74 \uac08\uc544 \ub193\uc740 \uc7a3\uc744 \ub530\ub85c \ud070 \uadf8\ub987\uc5d0 \ub2f4\uc544\ub450\uace0 \uc7a3\uc744 \ube60\uc838\ub098\uac04 \ubbf9\uc11c\uae30 \uc548\uc5d0\ub294 \uc7a3\uc758 \uc794\uc7ac\ub4e4\uc774 \uc544\uae5d\uac8c \ub0a8\uc544\uc788\uac8c \ub418\uc9c0\uc694? \uc774\uac78 \uadf8\ub0e5 \ub458 \uc218 \uc5c6\uc73c\ub2c8, \ub610 \ub2e4\uc2dc \ubb3c 2\ucef5\uc744 \ub123\uace0 \ubd80\uc154 \uc8fc\ub294 \uac81\ub2c8\ub2e4. \uc719~ \ud55c \ubc88 \uac08\uc544 \uc8fc\uba74\uc11c \ud754\ub4e4\uc5b4 \uc8fc\uba74\uc11c \uac89\uc5d0 \ubb3b\uc740 \uc7a3\ub4e4\uc744 \ubb3c \uc18d\uc73c\ub85c \uafc0\uc5b4 \ubaa8\uc74d\ub2c8\ub2e4. \uc774\ub807\uac8c \ud574\uc11c \uc7a3\uc744 \uac00\ub294\ub370 \ucd1d \uc0ac\uc6a9\ud558\ub294 \ubb3c\uc740 3\ucef5\uc774 \ub429\ub2c8\ub2e4.",
                "recipe_step_img": "https://recipe1.ezmember.co.kr/cache/recipe/2015/10/30/60da558ff5f4f73e281c418246bc5a571.jpg"
            },
            {
                "recipe_step_content": "\ubd88\ub9b0 \uc300 1\ucef5+2\ubd84\uc758 1\ucef5\uacfc \ubb3c 1\ucef5+2\ubd84\uc758 1\ucef5\uc744 \ub123\uace0 \uc5ed\uc2dc \uac08\uc544\uc90d\ub2c8\ub2e4. \uc300\uc740 \ub108\ubb34 \uacf1\uac8c \uac08\uc544\uc9c0\uc9c0 \uc54a\uc544\ub3c4 \uc800\ub294 \uc88b\ub358\ub370 \ucde8\ud5a5\uaecf \uc300\uc744 \uba39\uc744\ub54c \uc785\uc790\ub97c \uc0dd\uac01\ud574\uc11c \uac08\uc544 \uc8fc\uc138\uc694.",
                "recipe_step_img": "https://recipe1.ezmember.co.kr/cache/recipe/2015/10/30/6fec3e33a6e95984ea4aebd56bef8f531.jpg"
            },
            {
                "recipe_step_content": "\uc5ed\uc2dc \uac08\uc544 \ub193\uc740 \uc300\uc740 \ub530\ub85c \ub053\uc77c \ub0c4\ube44\uc5d0 \ubc1b\uc544 \ub193\uace0, \uc774\ub807\ub4ef \ub098\uba38\uc9c0 \ubb3c 3\ucef5+2\ubd84\uc758 1\ucef5\uc744 \ub123\uace0\uc11c \uc774\ub807\uac8c \uc548\uc5d0 \ub0a8\uc740 \uc300 \uc794\uc7ac\ub4e4\uc744 \ubaa8\uc73c\uae30 \uc704\ud574\uc11c \ub9c8\uad6c\ub9c8\uad6c \ud754\ub4e4\uc5b4\uc11c \ubd80\uc154 \uc8fc\uc138\uc694. \ud55c\uaebc\ubc88\uc5d0 \ub2e4 \ub123\uc9c0 \ub9c8\uc2dc\uace0 \ubb3c\uc744 \ub098\ub220 \ub123\uc5b4 \uac00\uba74\uc11c \ubd80\uc154 \uc8fc\uc2dc\uba74 \ub418\uc9c0\uc694.",
                "recipe_step_img": "https://recipe1.ezmember.co.kr/cache/recipe/2015/10/30/c13b648da166bb2a9fad3c4a8cc5682c1.jpg"
            },
            {
                "recipe_step_content": "\uc774\ub807\uac8c \ud574\uc11c \uc300 \uac08\ub9b0 \uac83\uc740 \ubc14\ub85c \ub0c4\ube44\ucc44\ub85c \ub053\uc5ec \uc90d\ub2c8\ub2e4. \ubc18\ub4dc\uc2dc \ub098\ubb34\uc8fc\uac71\uc73c\ub85c \ubc14\ub2e5\uc5d0 \ub20c\ub7ec\ubd99\uc9c0 \uc54a\ub3c4\ub85d \uacc4\uc18d \uc800\uc5b4\uc8fc\uba74\uc11c \uc911\ubd88\ub85c \ub053\uc5ec \uc8fc\uc138\uc694.",
                "recipe_step_img": "https://recipe1.ezmember.co.kr/cache/recipe/2015/10/30/5503725843a56269bb54ce1197e1751a1.jpg"
            },
            {
                "recipe_step_content": "\ud480\ucc98\ub7fc \uc464\uc5b4\uc9c0\uba74 \uc5ec\uae30\uc5d0 \uc7a3 \uac08\uc544 \ub193\uc740 \ubb3c\uc744 \ubd80\uc5b4\uc8fc\uace0 \uc5ed\uc2dc \uc7a3\uad6d\ubb3c\uacfc \uc300\ud480\uc774 \uc798 \uc11e\uc774\ub3c4\ub85d \uc800\uc5b4\uac00\uba74\uc11c \ubb49\uadfc\ud788 \ub053\uc5ec \uc8fc\uc2dc\uba74 \ub418\uc9c0\uc694. \uc7a3\uc744 \ub123\uace0 \ub098\uc11c\ub294 \ub108\ubb34 \ud718\uc813\uc9c0 \ub9c8\uc2dc\uace0 \uac00\ub054\uc529 \ubc14\ub2e5\uc5d0 \ub20c\ub7ec\ubd99\uc9c0 \uc54a\ub3c4\ub85d \ud55c\ubc88\uc529\ub9cc \uc800\uc5b4 \uc8fc\uc138\uc694. \uadf8\ub9ac\uace0 \ubc18\ub4dc\uc2dc \ub098\ubb34\uc8fc\uac71 \uc0ac\uc6a9\ud558\uc138\uc694.",
                "recipe_step_img": "https://recipe1.ezmember.co.kr/cache/recipe/2015/10/30/e198aa4bff9b9fd4a1f86c03ec12ec221.jpg"
            },
            {
                "recipe_step_content": "\ub9c8\uc9c0\ub9c9\uc73c\ub85c \uc18c\uae08\uc73c\ub85c \uac04\uc744 \ud574\uc8fc\uc2dc\uba74 \ub418\ub294\ub370 \ubc14\ub85c \ub4dc\uc2e4 \uac83\uc774\ub77c\uba74 \uc18c\uae08 \uac04\uc744 \uc800\ucc98\ub7fc \ubc14\ub85c \ud558\uc2dc\uace0 \uc870\uae08 \ub098\uc911\uc5d0 \ub450\uc5c8\ub2e4\uac00 \ub4dc\uc2e4 \uac83\uc774\ub77c\uba74 \uc18c\uae08 \uac04\uc740 \ub098\uc911\uc5d0 \uba39\uc744 \ub54c \ud558\uc2dc\ub294 \uac83\uc774 \uc88b\uc544\uc694. \ucde8\ud5a5 \ub530\ub77c\uc11c \uc57d\uac04\uc758 \uc124\ud0d5\uc744 \ub123\uc5b4 \uc8fc\uc2dc\uba74 \uc18c\uae08 \uac04\uc758 \ub9db\uc774 \ud655 \uc0b4\uc544 \ub098\uba74\uc11c \ub9db\uc788\uac8c \ub4dc\uc2e4 \uc218 \uc788\ub2f5\ub2c8\ub2e4",
                "recipe_step_img": "https://recipe1.ezmember.co.kr/cache/recipe/2015/10/30/e4d47ac86bd59f56518809aead4057771.jpg"
            }
        ],
        "recipe_material_list": [
            {
                "material_name": "\ubd88\ub9b0\uc300",
                "material_opecity": "1+1/2\ucef5 "
            },
            {
                "material_name": "\uc7a3",
                "material_opecity": "1\ucef5 "
            },
            {
                "material_name": "\ubb3c",
                "material_opecity": "8\ucef5 "
            },
            {
                "material_name": "\uc18c\uae08",
                "material_opecity": "\uc57d\uac04 "
            }
        ]
    },
    {
        "_id": "660c9c3c9b7a9e791d4675be",
        "recipe_title": "\ucd08\uac04\ub2e8 \ucc2c\ubc25 \uc7a3\uc8fd",
        "recipe_img_url": "https://recipe1.ezmember.co.kr/cache/recipe/2018/10/08/cc758b10af7bdf549797e78d2d73aed41.jpg",
        "recipe_steps": [
            {
                "recipe_step_content": "\ub728\uac70\uc6b4 \ubb3c\uc744 \uc0ac\uc6a9\ud558\uae30 \ub54c\ubb38\uc5d0 \uc720\ub9ac\ubbf9\uc11c\uae30\ub098 \ud658\uacbd\ud638\ub974\ubaac\uc774 \ub098\uc624\uc9c0 \uc54a\ub294 \uc816\ubcd1 \uc18c\uc7ac\uc778 \ud2b8\ub77c\uc774\ud0c4 \ubbf9\uc11c\uae30\ub97c \uc0ac\uc6a9\ud558\uba74 \uc88b\uc544\uc694. \uc800\ub294 \ud578\ub4dc\ubbf9\uc11c\uae30\ub97c \uc0ac\uc6a9\ud588\uc5b4\uc694. \uadf8\ub798\uc11c \uc2a4\ud150\ubcfc\uc5d0 \ub530\ub73b\ud55c \ubc251\uacf5\uae30, \uc7a3 3\ud070\uc220, \uc18c\uae08 \uc57d\uac04 \ub4f1\uc744 \ubaa8\ub450 \ub123\uc5c8\uc5b4\uc694.",
                "recipe_step_img": "https://recipe1.ezmember.co.kr/cache/recipe/2018/10/08/2a3feae2db28552b81c48025d540ee021.jpg"
            },
            {
                "recipe_step_content": "\uc885\uc774\ucef5 \ubd84\ub7c9\uc758 \ubb3c 3\ucef5\uc744 \uc804\uae30\uc8fc\uc804\uc790\uc5d0\uc11c \ub053\uc5ec\uc11c \ub123\uc5c8\uc5b4\uc694. ",
                "recipe_step_img": "https://recipe1.ezmember.co.kr/cache/recipe/2018/10/08/7557e04016ff14312347a205891ffd3f1.jpg"
            },
            {
                "recipe_step_content": "\uc694\ub7f0 \uc0c1\ud0dc\uc5d0\uc11c \ud578\ub4dc\ubbf9\uc11c\uae30\ub85c \uac08\uc544\uc8fc\uba74 \ub429\ub2c8\ub2e4.",
                "recipe_step_img": "https://recipe1.ezmember.co.kr/cache/recipe/2018/10/08/5896c46f3a66ec926b196493c892bcae1.jpg"
            },
            {
                "recipe_step_content": "\ub053\ub294 \ubb3c\uc744 \uc0ac\uc6a9\ud588\uae30\uc5d0 \ubd88\uc744 \uc0ac\uc6a9\ud558\uc9c0 \uc54a\uc544\ub3c4 \ub418\uc9c0\uc694. \uadf8\ub798\uc11c \uc544\uc8fc \uac04\ud3b8\ud574\uc694. \uc544\uc8fc \uacf1\uac8c \uac08\uc544\uc8fc\uc5b4\ub3c4 \ub418\uace0, \ubc25\uc54c\uc774 \uc57d\uac04 \uc539\ud788\uac8c \uac08\uc544\uc8fc\uc5b4\ub3c4 \ub418\ub294\ub370, \uc800\ub294 \uacf1\uac8c \uac08\uc544\uc8fc\uc5c8\uc2b5\ub2c8\ub2e4.",
                "recipe_step_img": "https://recipe1.ezmember.co.kr/cache/recipe/2018/10/08/c868ca436cd0f09b1682ca9bd2b487c91.jpg"
            },
            {
                "recipe_step_content": "\ubd80\ub4dc\ub7fd\uac8c \uc798 \uac08\uc544\uc84c\ub2f5\ub2c8\ub2e4.",
                "recipe_step_img": "https://recipe1.ezmember.co.kr/cache/recipe/2018/10/08/b5f6ca43c1730fb3d3584dc6f98d0a841.jpg"
            }
        ],
        "recipe_material_list": [
            {
                "material_name": "\ucc2c\ubc25",
                "material_opecity": "1\uacf5\uae30 "
            },
            {
                "material_name": "\uc7a3",
                "material_opecity": "3\ud070\uc220 "
            },
            {
                "material_name": "\ub728\uac70\uc6b4\ubb3c",
                "material_opecity": "3\ucef5 "
            },
            {
                "material_name": "\uc18c\uae08",
                "material_opecity": "\uc57d\uac04 "
            }
        ]
    },
    {
        "_id": "660c9c3c9b7a9e791d4675bf",
        "recipe_title": "(\uac00\uc815\uac04\ud3b8\uc2dd) \uac00\uc790\ubbf8 \ud1a0\ub9c8\ud1a0 \uc18c\uc2a4 \uc870\ub9bc",
        "recipe_img_url": "https://recipe1.ezmember.co.kr/cache/recipe/2019/05/28/805af863c671e978172da4c37d3aa70e1.jpg",
        "recipe_steps": [
            {
                "recipe_step_content": "\uad6d\ub0b4\uc0b0 \uac00\uc790\ubbf8\ub97c \uc900\ube44 \ud574\uc8fc\uc138\uc694.",
                "recipe_step_img": "https://recipe1.ezmember.co.kr/cache/recipe/2019/05/28/af099ca7edfe1b885342931f2c7a8b981.jpg"
            },
            {
                "recipe_step_content": "\ub2e4\ub978 \uc7ac\ub8cc\ub3c4 \uc900\ube44\ud574\uc8fc\uc138\uc694",
                "recipe_step_img": "https://recipe1.ezmember.co.kr/cache/recipe/2019/05/28/0393774c59ee8b572a642ce78ec077791.jpg"
            },
            {
                "recipe_step_content": "*\uac00\uc790\ubbf8\ub294 \ubb3c\uae30\ub97c \ub2e6\uace0, \uce7c\uc9d1\uc744 \ub123\uc5b4\uc8fc\uc138\uc694. *\ub9db\uc220,\uace0\uc6b4\uc18c\uae08,\ud6c4\ucd94\uc744 \uace0\ub8e8 \ubfcc\ub824\uc8fc\uc138\uc694.",
                "recipe_step_img": "https://recipe1.ezmember.co.kr/cache/recipe/2019/05/28/f8ad7598b51da1d64718e34c7687c0ff1.jpg"
            },
            {
                "recipe_step_content": "\ud1a0\ub9c8\ud1a0\uc5d0 \uc2ed\uc790\ub85c \uce7c\uc9d1\uc744 \ub123\uace0 \ub053\uc740\ubb3c\uc744 \ubd80\uc5b4\uc900\ud6c4\uc5d0 \uaecd\uc9c8\uc744 \ubc97\uaca8\uc8fc\uc138\uc694.",
                "recipe_step_img": "https://recipe1.ezmember.co.kr/cache/recipe/2019/05/28/e4303d1dc6b2fa9a429528d20bc131191.jpg"
            },
            {
                "recipe_step_content": "\uc591\ud30c,\ub9c8\ub298,\ud1a0\ub9c8\ud1a0\ub97c \ub2e4\uc838 \uc8fc\uc138\uc694.",
                "recipe_step_img": "https://recipe1.ezmember.co.kr/cache/recipe/2019/05/28/93057479ca5d111ebb61c05a7758ed311.jpg"
            },
            {
                "recipe_step_content": "\ud32c\uc5d0 \ubc84\ud130 1\ud070\uc220\uc744 \ub179\uc778\ud6c4 \uc591\ud30c,\ub9c8\ub298\uc744 \ub123\uace0 \ubcf6\uc544 \uc8fc\uc138\uc694.",
                "recipe_step_img": "https://recipe1.ezmember.co.kr/cache/recipe/2019/05/28/ac3c737b49157623ba7c297cf677f93f1.jpg"
            },
            {
                "recipe_step_content": "\ud1a0\ub9c8\ud1a0\ub97c \ub123\uace0 \ubcf6\uc544 \uc8fc\uc138\uc694.",
                "recipe_step_img": "https://recipe1.ezmember.co.kr/cache/recipe/2019/05/28/628ec723c70fc572749f8fb27981c0a21.jpg"
            },
            {
                "recipe_step_content": "\ubb3c 1/4\ucef5\uc744 \ub123\uace0,\uad74\uc18c\uc2a4 1\uc791\uc740\uc220\uc744 \ub123\uace0 \uc870\ub824 \uc8fc\uc138\uc694.",
                "recipe_step_img": "https://recipe1.ezmember.co.kr/cache/recipe/2019/05/28/7e3f4c508cb980e854b72e89fb6c8bda1.jpg"
            },
            {
                "recipe_step_content": "\uac00\uc790\ubbf8\uc5d0 \ud280\uae40\uac00\ub8e8\uc744 \uace0\ub8e8 \uc785\ud600\uc8fc\uc138\uc694.",
                "recipe_step_img": "https://recipe1.ezmember.co.kr/cache/recipe/2019/05/28/b13d4d890c510d94372b3dfb2dd95b3b1.jpg"
            },
            {
                "recipe_step_content": "\ub2ec\uad70 \ud32c\uc5d0 \uc62c\ub9ac\ube0c\uc720\ub97c \ub109\ub109\ud788 \ub450\ub974\uace0 \uac00\uc790\ubbf8\ub97c \ub123\uace0 \ud280\uae30\ub4ef \uc55e\ub4a4\ub85c \ub178\ub987\ud558\uac8c \uad6c\uc6cc\uc8fc\uc138\uc694.",
                "recipe_step_img": "https://recipe1.ezmember.co.kr/cache/recipe/2019/05/28/4172917c99a1daa49835260f62c1c06e1.jpg"
            },
            {
                "recipe_step_content": "\uc591\ub150\uc774 \uc878\uc544\ub4e4\uba74",
                "recipe_step_img": "https://recipe1.ezmember.co.kr/cache/recipe/2019/05/28/dfa63070f35ed8587b46f26fc0dd04211.jpg"
            },
            {
                "recipe_step_content": "\uc644\uc131\uadf8\ub987\uc5d0 \uac00\uc790\ubbf8\ub97c \ub2f4\uace0 \uadf8\uc704\uc5d0 \uc591\ub150\uc744 \uc62c\ub824\uc8fc\uc138\uc694.",
                "recipe_step_img": "https://recipe1.ezmember.co.kr/cache/recipe/2019/05/28/9c5df30da01367325c6c7387e1b8365a1.jpg"
            }
        ],
        "recipe_material_list": [
            {
                "material_name": "\uac00\uc790\ubbf8",
                "material_opecity": "1\ub9c8\ub9ac "
            },
            {
                "material_name": "\ud1a0\ub9c8\ud1a0",
                "material_opecity": "1\uac1c "
            },
            {
                "material_name": "\ub9c8\ub298",
                "material_opecity": "3\uac1c "
            },
            {
                "material_name": "\uc591\ud30c",
                "material_opecity": "1/4\uac1c "
            },
            {
                "material_name": "\ubc84\ud130",
                "material_opecity": "1\ud070\uc220 "
            },
            {
                "material_name": "\ud280\uae40\uac00\ub8e8",
                "material_opecity": "2\ud070\uc220 "
            },
            {
                "material_name": "\uc62c\ub9ac\ube0c\uc720",
                "material_opecity": "\ub109\ub109\ud788 "
            },
            {
                "material_name": "\ubb3c",
                "material_opecity": "1/4\ucef5 "
            },
            {
                "material_name": "\uad74\uc18c\uc2a4",
                "material_opecity": "1\uc791\uc740\uc220 "
            },
            {
                "material_name": "\uace0\uc6b4\uc18c\uae08",
                "material_opecity": "\uc57d\uac04 "
            },
            {
                "material_name": "\ub9db\uc220",
                "material_opecity": "1\ud070\uc220 "
            },
            {
                "material_name": "\ud6c4\ucd94",
                "material_opecity": "\uc57d\uac04 "
            }
        ]
    },
    {
        "_id": "660c9c3c9b7a9e791d4675c0",
        "recipe_title": "\ucf69\uad6d\uc218\uac00 \uc2eb\ub2e4\uba74 \uc7a3\uad6d\uc218 \u2665",
        "recipe_img_url": "https://recipe1.ezmember.co.kr/cache/recipe/2021/07/15/5220372aff1442944aacd8521bf409db1.jpg",
        "recipe_steps": [
            {
                "recipe_step_content": "\uc624\uc774\ub294 \ucc44 \uc36c\ub2e4.",
                "recipe_step_img": "https://recipe1.ezmember.co.kr/cache/recipe/2021/07/15/c78ab39d260bfa1b8d49d4e612a918f31.png"
            },
            {
                "recipe_step_content": "\ubbf9\uc11c\uc5d0 \uc7a3, \ub2ed \uc721\uc218, \uc18c\uae08\uc744 \ub123\uace0 \uacf1\uac8c \uac04 \ud6c4 \uccb4\uc5d0 \ub0b4\ub9b0\ub2e4.\uccb4 , \ubbf9\uc11c\uae30\uc7a3 \uad6d\ubb3c\uc740 \ub0c9\uc7a5\uace0\uc5d0 \ucc28\uac8c \ubcf4\uad00\ud574 \uc8fc\uc138\uc694.",
                "recipe_step_img": "https://recipe1.ezmember.co.kr/cache/recipe/2021/07/15/72d6a27278d2eb32b960ceafd49ea2741.png"
            },
            {
                "recipe_step_content": "\ub053\ub294 \ubb3c\uc5d0 \uc18c\uae08\uc744 \ub123\uace0 \uc18c\uba74\uc744 \ub123\uc5b4 \uc0b6\ub294\ub2e4.\ucc2c\ubb3c\uc744 \uc870\uae08\uc529 \ub123\uc5b4\uac00\uba70 \uc0b6\uc73c\uba74 \uba74\uc774 \ub354 \ucac4\uae43\ud574\uc838\uc694",
                "recipe_step_img": "https://recipe1.ezmember.co.kr/cache/recipe/2021/07/15/85cce2bddd66d150dc77adaf7e877ab41.png"
            },
            {
                "recipe_step_content": "\uadf8\ub987\uc5d0 \uc0b6\uc740 \uc18c\uba74\uc744 \ub2f4\uace0 \uc7a3 \uad6d\ubb3c\uc744 \ub109\ub109\ud788 \ubd80\uc740 \ud6c4 \ucc44 \uc36c \uc624\uc774\ub97c \uc62c\ub824 \uc644\uc131\ud55c\ub2e4.\uadf8\ub987",
                "recipe_step_img": "https://recipe1.ezmember.co.kr/cache/recipe/2021/07/15/7603c22d0bb956f0bfbe3d74df6a66161.png"
            }
        ],
        "recipe_material_list": [
            {
                "material_name": "\uc7a3",
                "material_opecity": "150g "
            },
            {
                "material_name": "\ub2ed\uc721\uc218",
                "material_opecity": "2+1/2\uc885\uc774\ucef5 "
            },
            {
                "material_name": "\uc18c\uba74",
                "material_opecity": "1\uc778\ubd84 "
            },
            {
                "material_name": "\uc624\uc774",
                "material_opecity": "1/3\uac1c "
            },
            {
                "material_name": "\uc18c\uae08",
                "material_opecity": "\uc57d\uac04 "
            }
        ]
    },
    {
        "_id": "660c9c3c9b7a9e791d4675c1",
        "recipe_title": "\uc7a3\uad6d\uc218",
        "recipe_img_url": "https://recipe1.ezmember.co.kr/cache/recipe/2016/04/20/07e361aa005a637ac646d419d24617d71.jpg",
        "recipe_steps": [
            {
                "recipe_step_content": "\uc7a3\uc740 \ubbf8\ub9ac \ud32c\uc5d0 \ubcf6\uc544 \uc900 \ud6c4 \uc644\uc804\ud788 \uc2dd\ud600\uc11c \uc900\ube44\ud574 \uc8fc\uc138\uc694.",
                "recipe_step_img": "https://recipe1.ezmember.co.kr/cache/recipe/2016/04/22/02d6549d8dd0f216df893723a9e3624f1.jpg"
            },
            {
                "recipe_step_content": "\ubbf9\uc11c\uae30\uc5d0 \ubcf6\uc740 \uc7a3 \ubc18\ucef5\ub2f4\uace0,",
                "recipe_step_img": "https://recipe1.ezmember.co.kr/cache/recipe/2016/04/22/0a62ef3244cc42b6fe9857831cd6c65e1.jpg"
            },
            {
                "recipe_step_content": "\uc6b0\uc720 1\ucef5 \ub2f4\uace0",
                "recipe_step_img": "https://recipe1.ezmember.co.kr/cache/recipe/2016/04/22/7982b505bacd1479a3b8f631dda5be7d1.jpg"
            },
            {
                "recipe_step_content": "\ubb3c 2\ucef5\ub2f4\uace0",
                "recipe_step_img": "https://recipe1.ezmember.co.kr/cache/recipe/2016/04/22/ab901660093e4b08c98df2aaabc701861.jpg"
            },
            {
                "recipe_step_content": "\ubbf8\uc22b\uac00\ub8e8 1\ud070\uc220\uacfc \uc18c\uae08 \uc57d\uac04\ub123\uc5b4 \uc8fc\uc138\uc694.",
                "recipe_step_img": "https://recipe1.ezmember.co.kr/cache/recipe/2016/04/22/31cc9fe251e29720b104a4e7c41469251.jpg"
            },
            {
                "recipe_step_content": "\uc7a3\uc774 \uc644\uc804\ud788 \uac08\ub9b4\ub54c \uae4c\uc9c0 \uac08\uc544\uc8fc\uc138\uc694. \uac08\uc544\ub193\uc740 \uc7a3\uad6d\ubb3c\uc740 \uc6a9\uae30\uc5d0 \ub2f4\uc544 \ub0c9\ub3d9\uc2e4\uc5d0 1\uac04 30\ubd84 \uc774\uc0c1 \ub123\uc5b4 \ub193\uc544\uc8fc\uace0",
                "recipe_step_img": "https://recipe1.ezmember.co.kr/cache/recipe/2016/04/22/cdaf1acefa9d6a1f21d25c738f8cbc491.jpg"
            },
            {
                "recipe_step_content": "\uc18c\uba74\uc740 \ud314\ud314 \ub053\ub294 \ubb3c\uc5d0 \ub04c\uc774\uace0",
                "recipe_step_img": "https://recipe1.ezmember.co.kr/cache/recipe/2016/04/22/5a4af35ab8f78e9c2c8474df06c251b11.jpg"
            },
            {
                "recipe_step_content": "\ucc28\uac00\uc6b4\ubb3c\uc5d0 \ubc14\ub77d\ubc14\ub77d \uc53b\uc73c\uba74\uc11c \ud5f9\uad88 \uc8fc\uc138\uc694.",
                "recipe_step_img": "https://recipe1.ezmember.co.kr/cache/recipe/2016/04/22/7ca47ff1316d7a2fd2bae169cb914ed81.jpg"
            },
            {
                "recipe_step_content": "\uc0b6\uc740 \uc18c\uba74\uc740 \uadf8\ub987\uc5d0 \uc62e\uaca8\ub2f4\uace0",
                "recipe_step_img": "https://recipe1.ezmember.co.kr/cache/recipe/2016/04/22/78943daa4e2a8ed908dbb384455dd0291.jpg"
            },
            {
                "recipe_step_content": "\ubbf8\ub9ac \ub0c9\ub3d9\uc2e4\uc5d0 \ub123\uc5b4 \ub450\uc5c8\ub358 \uc7a3\uad6d\ubb3c\uc744 \ubd80\uc5b4 \uc8fc\uc138\uc694.",
                "recipe_step_img": "https://recipe1.ezmember.co.kr/cache/recipe/2016/04/22/f2e15a958506311c3adad90133d5f7431.jpg"
            },
            {
                "recipe_step_content": "\uadf8\ub0e5 \uba39\uc5b4\ub3c4 \ub418\uc9c0\ub9cc, \ubd04\uc774\ub2c8 \ub9cc\ud07c \ub538\uae30\ub97c \uc704\uc5d0 \uc62c\ub824 \uc8fc\uc5c8\uc5b4\uc694. \ub9db\uc788\ub294 \uc7a3\uad6d\uc218 \uc644\uc131\uc785\ub2c8\ub2e4. \uc2dc\uc6d0\ud558\uace0 \uace0\uc18c\ud55c \uad6d\ubb3c \ub9db\uc774 \uc77c\ud488\uc778 \uc7a3\uad6d\uc218 \uc785\ub2c8\ub2e4. \uba74\ubc1c\uc744 \ud638\ub85c\ub85d \uba39\uace0 \uad6d\uc218 \uc2dc\uc6d0\ud558\uac8c \ub9c8\uc154\uc11c \ub9c8\ubb34\ub9ac\ud558\uba74 \ub05d\uc7a5\ub0a8. \uc5ec\ub984\uc5d0 \ubcc4\ubbf8\ub85c \ub9cc\ub4e4\uc5b4 \uba39\uc73c\uba74 \uc2dc\uc6d0\ud574\uc11c \ub354\uc6b1 \uc88b\uc744\uac83 \uac19\uc544\uc694.",
                "recipe_step_img": "https://recipe1.ezmember.co.kr/cache/recipe/2016/04/22/132560d31bf9bdc66a38a3930d7488b21.jpg"
            }
        ],
        "recipe_material_list": [
            {
                "material_name": "\uc7a3",
                "material_opecity": "1/2\ucef5 "
            },
            {
                "material_name": "\uc6b0\uc720",
                "material_opecity": "1\ucef5 "
            },
            {
                "material_name": "\ubb3c",
                "material_opecity": "1+1/2\ucef5 "
            },
            {
                "material_name": "\ubbf8\uc22b\uac00\ub8e8",
                "material_opecity": "1\ud070\uc220 "
            },
            {
                "material_name": "\uc18c\uae08",
                "material_opecity": "\uc57d\uac04 "
            },
            {
                "material_name": "\uc18c\uba74500\uc6d0\ub3d9\uc804\ud06c\uae30",
                "material_opecity": " "
            }
        ]
    },
    {
        "_id": "660c9c3c9b7a9e791d4675c2",
        "recipe_title": "\uc7a3\ucfe0\ud0a4 \ub9cc\ub4e4\uae30 ",
        "recipe_img_url": "https://recipe1.ezmember.co.kr/cache/recipe/2015/06/09/c8f64cb98391fc952b38cda91dc2dd351.jpg",
        "recipe_steps": [
            {
                "recipe_step_content": "\ubcfc\uc5d0 \ub179\uc778\ubc84\ud130, \ub2ec\uac40\uc744 \ub123\uc5b4 \ud718\ud551\ud574\uc8fc\uc138\uc694.",
                "recipe_step_img": "https://recipe1.ezmember.co.kr/cache/recipe/2015/06/12/275444f5ff6ecf0d482ba68dddf8ec1f1.jpg"
            },
            {
                "recipe_step_content": "\ubc15\ub825\ubd84, \uc124\ud0d5, \uc18c\uae08, \ud30c\ub9c8\uc0b0\uce58\uc988\uac00\ub8e8, \ud30c\uc2ac\ub9ac\uac00\ub8e8 \ub4f1 \uac00\ub8e8\ub958\ub97c \ucc44\ub97c \uce5c \ud6c4 \ubcfc\uc5d0 \ub123\uc5b4 \uc11e\uc5b4 \ubc18\uc8fd\ud574\uc8fc\uc138\uc694.",
                "recipe_step_img": "https://recipe1.ezmember.co.kr/cache/recipe/2015/06/12/d60ba2df351b01e5c4e51f2fa98cb0541.jpg"
            },
            {
                "recipe_step_content": "\ubc18\uc8fd\uc5d0 \uc7a3\uc744 \ub123\uc5b4 \uc11e\uc5b4\uc8fc\uc2e0 \ud6c4 \uc624\ube10\ud32c \uc704\uc5d0 \ucfe0\ud0a4\ubc18\uc8fd\uc744 \uc870\uae08\uc529 \ub760\uc5b4 \ub465\uae00\ub0a9\uc791\ud558\uac8c \ub9cc\ub4e0 \ud6c4 \uadf8 \uc704\uc5d0 \uc7a3\uc744 \uc62c\ub824 \uc7a5\uc2dd\ud574\uc8fc\uc138\uc694.",
                "recipe_step_img": "https://recipe1.ezmember.co.kr/cache/recipe/2015/06/12/af22893c97412aabcd776cf7bd8d6a831.jpg"
            },
            {
                "recipe_step_content": "180\ub3c4\ub85c \uc608\uc5f4\ub41c \uc624\ube10\uc5d0 12\ubd84 \uad6c\uc6cc\uc8fc\uc138\uc694.\uc624\ube10",
                "recipe_step_img": "https://recipe1.ezmember.co.kr/cache/recipe/2015/06/12/cb0606f717b41ab7ad96f2235065879f1.jpg"
            }
        ],
        "recipe_material_list": [
            {
                "material_name": "\ubc15\ub825\ubd84",
                "material_opecity": "220g "
            },
            {
                "material_name": "\ub2ec\uac40",
                "material_opecity": "1\uac1c "
            },
            {
                "material_name": "\uc7a3",
                "material_opecity": "30g "
            },
            {
                "material_name": "\ud30c\ub9c8\uc0b0\uce58\uc988\uac00\ub8e8",
                "material_opecity": "10g "
            },
            {
                "material_name": "\ud30c\uc2ac\ub9ac\uac00\ub8e8",
                "material_opecity": "\uc870\uae08 "
            },
            {
                "material_name": "\uc124\ud0d5",
                "material_opecity": "20g "
            },
            {
                "material_name": "\ubc84\ud130",
                "material_opecity": "15g "
            },
            {
                "material_name": "\uc18c\uae08",
                "material_opecity": "\uc870\uae08 "
            }
        ]
    },
    {
        "_id": "660c9c3c9b7a9e791d4675c5",
        "recipe_title": "\uc7a3\uc190\uc9c8\ubc95 \uaf2c\uc229\uaf2c\uc229 \ub9db\uc788\ub294 \uc7a3!",
        "recipe_img_url": "https://recipe1.ezmember.co.kr/cache/recipe/2021/10/20/b5750d62953e4bc66ed8b6031da850ed1.jpg",
        "recipe_steps": [
            {
                "recipe_step_content": "\uc7a3\uc740 \uace0\uae54\uc5d0 \ub0a8\uc544\uc788\ub294 \uaecd\uc9c8\uc744 \uc81c\uac70\ud55c\ub2e4.",
                "recipe_step_img": "https://recipe1.ezmember.co.kr/cache/recipe/2018/10/25/571dae6e3d038526adbbc27a4491ebee1.png"
            },
            {
                "recipe_step_content": "\ub2e4\uc838\uc11c \uc0ac\uc6a9\ud560 \uacbd\uc6b0\n\uc885\uc774\ud0c0\uc62c\uc5d0 \uc7a3\uc744 \uc62c\ub824 \ub2e4\uc2dc \uc885\uc774\ud0c0\uc62c\uc744 \ub36e\ub294\ub2e4.",
                "recipe_step_img": "https://recipe1.ezmember.co.kr/cache/recipe/2018/10/25/705cf7fb4a10bd712c02e328ed2842a61.png"
            },
            {
                "recipe_step_content": "\ubc00\ub300\ub85c \ubbfc\ub2e4.\ubc00\ub300\uc7a3 \uae30\ub984\uc744 \uc81c\uac70\ud574 \ubcf4\uc2ac\ubcf4\uc2ac\ud558\uac8c \uc0ac\uc6a9\ud560 \uc218 \uc788\uc5b4\uc694.\n",
                "recipe_step_img": "https://recipe1.ezmember.co.kr/cache/recipe/2018/10/25/6d790d6eb56ebff54c511e85d9f649cb1.png"
            }
        ],
        "recipe_material_list": [
            {
                "material_name": "\uc7a3",
                "material_opecity": " "
            }
        ]
    },
    {
        "_id": "660c9c3c9b7a9e791d4675c6",
        "recipe_title": "\uace0\uc18c\ud55c \uc7a3\uad6d\uc218 \ub9cc\ub4e4\uae30",
        "recipe_img_url": "https://recipe1.ezmember.co.kr/cache/recipe/2022/06/21/71576f604994a52d400e19450c918bf71.jpg",
        "recipe_steps": [
            {
                "recipe_step_content": "\uc7a3\uc740 \ud504\ub77c\uc774\ud32c\uc5d0 \ub178\ub987\ud558\uac8c \ubcf6\uc544 \uc8fc\uc138\uc694",
                "recipe_step_img": "https://recipe1.ezmember.co.kr/cache/recipe/2022/06/21/d45ec4c46941fb82f3d5104ebc7ccfbe1.jpg"
            },
            {
                "recipe_step_content": "\ub450\ubd80\ub294 \ub728\uac70\uc6b4 \ubb3c\uc5d0 \ub370\uccd0 \uc8fc\uc138\uc694",
                "recipe_step_img": "https://recipe1.ezmember.co.kr/cache/recipe/2022/06/21/1fb096a62241aa98b4bed56779b9b4b21.jpg"
            },
            {
                "recipe_step_content": "\ub450\ubd80,\uc7a3,\uc6b0\uc720,\ubb3c,\uc18c\uae08\uc744 \ub123\uace0 \uac08\uc544\uc8fc\uc138\uc694",
                "recipe_step_img": "https://recipe1.ezmember.co.kr/cache/recipe/2022/06/21/ffe941be6ef4161af740a7499d2c1f411.jpg"
            },
            {
                "recipe_step_content": "\uba74\uc744 \uc0b6\uc544 \ucc2c\ubb3c\uc5d0 \ud5f9\uad88 \uc8fc\uc5d0\uc694",
                "recipe_step_img": "https://recipe1.ezmember.co.kr/cache/recipe/2022/06/21/ee708277e9cf896fbb512f5a2d7c1f431.jpg"
            },
            {
                "recipe_step_content": "\uad6d\uc218\uc640 \uc7a3\uad6d\ubb3c\uc744 \ub123\uc5b4 \uc7a3\uad6d\uc218\ub97c \uc644\uc131\ud574\uc8fc\uc138\uc694",
                "recipe_step_img": "https://recipe1.ezmember.co.kr/cache/recipe/2022/06/21/2cb0c5bf5d11d573f59d9fb201edb39f1.jpg"
            }
        ],
        "recipe_material_list": [
            {
                "material_name": "\uc7a3",
                "material_opecity": "1/2\ucef5 "
            },
            {
                "material_name": "\ub450\ubd80",
                "material_opecity": "250g "
            },
            {
                "material_name": "\uc6b0\uc720",
                "material_opecity": "2\ucef5 "
            },
            {
                "material_name": "\ubb3c",
                "material_opecity": "1\ucef5 "
            },
            {
                "material_name": "\uc18c\uae08",
                "material_opecity": "1/2~1\ud070\uc220 "
            },
            {
                "material_name": "\uba74",
                "material_opecity": "2\uc778\ubd84 "
            }
        ]
    },
    {
        "_id": "660c9c3c9b7a9e791d4675c8",
        "recipe_title": "\uc624\ud2b8\ubc00 \ub450\ubd80\uc7a3\uc8fd",
        "recipe_img_url": "https://recipe1.ezmember.co.kr/cache/recipe/2016/04/13/1a980a5db899b40b7e2d941a341fe8d51.jpg",
        "recipe_steps": [
            {
                "recipe_step_content": "\ub450\ubd80\ub294 \ubb3c\uc5d0 10\ubd84\uc815\ub3c4\n\ub2f4\uac00\ub193\uc73c\uc2dc\uace0.\ubd84\ub7c9\uc758\n\uc7ac\ub8cc\ub97c \uc900\ube44\ud558\uc138\uc694\n\ub9c8\ub294 \uaecd\uc9c8\uc744 \uae4d\uc544\uc8fc\uc138\uc694",
                "recipe_step_img": "https://recipe1.ezmember.co.kr/cache/recipe/2016/04/14/ecbd9fbe924c5121ddc09ca8e0289b441.jpg"
            },
            {
                "recipe_step_content": "\ub450\ubd80\uc640 \ub9c8\ub294 \uae4d\ub69d\uc370\uae30\ud574\uc8fc\uc138\uc694",
                "recipe_step_img": "https://recipe1.ezmember.co.kr/cache/recipe/2016/04/14/1a118e62cbc1cf1c4a613c751390b5311.jpg"
            },
            {
                "recipe_step_content": "\uba3c\uc800 \ub9c8\uc640 \ubb3c1\ucef5\uc744 \ub123\uace0\n\uac08\uc544\uc8fc\uc138\uc694",
                "recipe_step_img": "https://recipe1.ezmember.co.kr/cache/recipe/2016/04/14/ee1461b59d9df16ab80317631291cff11.jpg"
            },
            {
                "recipe_step_content": "\uc624\ud2b8\ubc00.\ub450\ubd80\uc640\uc7a3\uc744 \ub123\uace0 \uc6b0\uc7201\ucef5\uc744\n\ub123\uace0 \uac08\uc544\uc8fc\uc138\uc694",
                "recipe_step_img": "https://recipe1.ezmember.co.kr/cache/recipe/2016/04/14/64c0f01522f5f62b91ddb46dbb34d5771.jpg"
            },
            {
                "recipe_step_content": "\ub530\ub85c \ub530\ub85c \uac08\uc544\ub17c\n\ubd84\ub7c9\uc758 \uc7ac\ub8cc\ub97c\n\ud55c\ub370 \uc11e\uc5b4\uc90d\ub2c8\ub2e4",
                "recipe_step_img": "https://recipe1.ezmember.co.kr/cache/recipe/2016/04/14/d4511e11059b8a70a7713125e95382e21.jpg"
            },
            {
                "recipe_step_content": "\ub0c4\ube44\uc5d05\ub97c \ubd93\uace0 \ub0a8\uc740\uc6b0\uc720\n1\ucef5\uc744 \ubd93\uace0 \uc57d\ubd88\uc5d0\uc11c \uc11c\uc11c\ud788\n\ub217\uc9c0\uc54a\ub3c4\ub85d \ub053\uc5ec\uc90d\ub2c8\ub2e4\n\uae30\ud3ec\uac00 \uc62c\ub77c\uc624\uba74\n\ubd88\uc744 \uaebc\uc90d\ub2c8\ub2e4",
                "recipe_step_img": "https://recipe1.ezmember.co.kr/cache/recipe/2016/04/14/6ec01416acdac1ee6cd95aa14e891a761.jpg"
            },
            {
                "recipe_step_content": "\uc18c\uae08.\ud6c4\ucd94.\uafc0\uc744 \ub123\uc73c\uc2dc\uace0\n\uc644\uc131\uc811\uc2dc\uc5d0 \ub2f4\uc544 \uc2dd\uc6a9\uaf43\uc744\n\uc5b9\uc5b4 \ub2f4\uc544\ub0c5\ub2c8\ub2e4.\n\uace0\uc18c\ud558\uace0 \ub9db\uc788\ub294 \uc601\uc591\uc8fd\uc785\ub2c8\ub2e4",
                "recipe_step_img": "https://recipe1.ezmember.co.kr/cache/recipe/2016/04/14/23fb8f2eca4d39a4b161f3cd932f1ebe1.jpg"
            }
        ],
        "recipe_material_list": [
            {
                "material_name": "\uc624\ud2b8\ubc00",
                "material_opecity": "1\ucef5 "
            },
            {
                "material_name": "\ub450\ubd80",
                "material_opecity": "30g "
            },
            {
                "material_name": "\uc7a3",
                "material_opecity": "10g "
            },
            {
                "material_name": "\uc6b0\uc720",
                "material_opecity": "2\ucef5 "
            },
            {
                "material_name": "\uc18c\uae08",
                "material_opecity": "\uc57d\uac04 "
            },
            {
                "material_name": "\ud6c4\ucd94",
                "material_opecity": "\uc57d\uac04 "
            },
            {
                "material_name": "\ubb3c",
                "material_opecity": "1\ucef5 "
            },
            {
                "material_name": "\uafc0",
                "material_opecity": "1T "
            }
        ]
    },
    {
        "_id": "660c9c3c9b7a9e791d4675c9",
        "recipe_title": "\uc7a3\uc8fd\ubcf4\ub2e4 \uace0\uc18c\ud558\ub2e4\ub294 \ub545\ucf69\uc8fd\uc785\ub2c8\ub2e4. ",
        "recipe_img_url": "https://recipe1.ezmember.co.kr/cache/recipe/2018/11/07/9eb9b746d7418ec40d916c67e308676b1.jpg",
        "recipe_steps": [
            {
                "recipe_step_content": "\ud143\ubc2d\uc5d0\uc11c \uc218\ud655\ud55c \ub545\ucf69\uc758 \uaecd\uc9c8\uc744 \uba3c\uc800 \ubc97\uaca8 \uc900 \ud6c4.....",
                "recipe_step_img": "https://recipe1.ezmember.co.kr/cache/recipe/2018/11/07/ad4de5eb79fd42919d9151b90354c8451.jpg"
            },
            {
                "recipe_step_content": "\uc18d\uaecd\uc9c8\ub3c4 \ubc97\uaca8 \uc8fc\uc5c8\uc2b5\ub2c8\ub2e4. ",
                "recipe_step_img": "https://recipe1.ezmember.co.kr/cache/recipe/2018/11/07/da448f7b2e5ff6e4b2b69caf3794cc8a1.jpg"
            },
            {
                "recipe_step_content": "\ud604\ubbf8\ucc39\uc300 1\ucef5\uc744 \ubbf8\ub9ac \ud558\ub8fb\ubc24\uc744 \ubd88\ub9b0 \ud6c4 \uccb4\uc5d0 \uac74\uc838 \ubb3c\uae30\ub97c \ube7c \uc8fc\uc5c8\uc2b5\ub2c8\ub2e4.",
                "recipe_step_img": "https://recipe1.ezmember.co.kr/cache/recipe/2018/11/07/4865cdb414f37bb27ce66d74b26c43d41.jpg"
            },
            {
                "recipe_step_content": "\ubbf9\uc11c\uc5d0 \ubd88\ub9b0 \ud604\ubbf8\ucc39\uc300\uc744 \ubd93\uace0 \uc18d\uaecd\uc9c8\uae4c\uc9c0 \ubc97\uae34 \uc0dd\ub545\ucf69 1+1/2\ucef5 \uc744 \ub123\uace0....",
                "recipe_step_img": "https://recipe1.ezmember.co.kr/cache/recipe/2018/11/07/f0fc35765fd089c536c24c3e8a1b15061.jpg"
            },
            {
                "recipe_step_content": "\ubb3c 1\ucef5\uc744 \ubd93\uace0 \uac08\uc544 \uc90d\ub2c8\ub2e4. ",
                "recipe_step_img": "https://recipe1.ezmember.co.kr/cache/recipe/2018/11/07/11d50ec758da69dd91efcb41d7bea8591.jpg"
            },
            {
                "recipe_step_content": "\uadf8\ub9ac\uace0 \uac08\uc740 \ud604\ubbf8\ucc39\uc300\uacfc \uc0dd\ub545\ucf69\uc744 \ub0c4\ube44\uc5d0 \ubd93\uace0.....",
                "recipe_step_img": "https://recipe1.ezmember.co.kr/cache/recipe/2018/11/07/29820faf5eb25e639036f4e937f10a5e1.jpg"
            },
            {
                "recipe_step_content": "\ubbf9\uc11c\uc6a9\uae30\uc5d0 \ubb3c 1\ucef5\uc744 \ubd80\uc5b4 \uc6a9\uae30\uc5d0 \ubb3b\uc740 \uc5ec\ubd84\uc758 \uac08\uc740 \ucc39\uc300\uacfc \ub545\ucf69\uc744 \uc53b\uc5b4 \ub0c4\ube44\uc5d0 \ubd80\uc5b4 \uc90d\ub2c8\ub2e4. ",
                "recipe_step_img": "https://recipe1.ezmember.co.kr/cache/recipe/2018/11/07/211d1b14b2ae62053e8c001d65470dc11.jpg"
            },
            {
                "recipe_step_content": "\uadf8\ub9ac\uace0 \ub0c4\ube44\uc5d0 \ubb3c 3\ucef5\uc744 \ucd94\uac00\ud574 \ubc14\ub2e5\uc774 \ub20c\uc9c0\uc54a\uac8c \uc800\uc5b4 \uc8fc\uba74\uc11c \ucc9c\ucc9c\ud788\ub053\uc5ec \uc90d\ub2c8\ub2e4. \ubb3c\uc774 \ucd1d 5\ucef5\uc774 \ub4e4\uc5b4 \uac14\uc2b5\ub2c8\ub2e4. \ubb3c\uc740 \ucde8\ud5a5\uaecf \uc870\uc808\ud574 \uc8fd\uc758 \ub18d\ub3c4\ub97c \uc870\uc808\ud574 \uc8fc\uc138\uc694. ",
                "recipe_step_img": "https://recipe1.ezmember.co.kr/cache/recipe/2018/11/07/32091ce153db7bb8baa18e1387b8512b1.jpg"
            },
            {
                "recipe_step_content": "\uacc4\uc18d \uc800\uc5b4\uc8fc\uba74\uc11c \ub053\uc774\ub2e4 \uc8fd\uc774 \ub053\uae30 \uc2dc\uc791\ud558\uba74 \uc18c\uae08 1\uc791\uc740\uc220\ub85c \uac04\uc744 \uc0b4\uc9dd \ud574 \uc90d\ub2c8\ub2e4. ",
                "recipe_step_img": "https://recipe1.ezmember.co.kr/cache/recipe/2018/11/07/e5814839bd785998f7655f14c48ed05e1.jpg"
            },
            {
                "recipe_step_content": "\uadf8\ub9ac\uace0 \uc804\uccb4\uc801\uc73c\ub85c \uace8\uace0\ub8e8 \uc800\uc5b4\uc8fc\uba74\uc11c \ub053\uc5ec \uc90d\ub2c8\ub2e4. \uc0dd \ub545\ucf69\uc774\ub77c \ub35c \ub053\uc73c\uba74 \ube44\ub9b0\ub9db\uc774 \uc788\uc73c\ub2c8 \ucda9\ubd84\ud788 \ub053\uc5ec \uc8fc\uc5b4\uc57c \ub545\ucf69\uc758 \uace0\uc18c\ud568\uc774 \uc62c\ub77c \uc635\ub2c8\ub2e4.",
                "recipe_step_img": "https://recipe1.ezmember.co.kr/cache/recipe/2018/11/07/e04f0fb0a60bcce93c8f85370de0e3d11.jpg"
            }
        ],
        "recipe_material_list": [
            {
                "material_name": "\uc0dd\ub545\ucf69",
                "material_opecity": "1+1/2\ucef5 "
            },
            {
                "material_name": "\ud604\ubbf8\ucc39\uc300",
                "material_opecity": "1\ucef5 "
            }
        ]
    },
    {
        "_id": "660c9c3c9b7a9e791d4675cb",
        "recipe_title": "[\uc7a3\uc694\ub9ac]\uc740\uc740\ud55c \uc7a3\ud5a5\uc774 \ud48d\uae30\ub294 \uc7a3\uc8fd \ub9cc\ub4e4\uae30",
        "recipe_img_url": "https://recipe1.ezmember.co.kr/cache/recipe/2022/12/10/7c30b7b9546c403d75d1c243b6da6bcf1.jpg",
        "recipe_steps": [
            {
                "recipe_step_content": "\ubbf9\uc11c\uae30\uc5d0 \uc7a3 3T\ub97c \ub123\uace0 \uc7a3\uc774 \uc7a0\uae38 \uc815\ub3c4\ub85c \ubb3c\uc744 \ubd80\uc5b4 \uc8fc\uc138\uc694.",
                "recipe_step_img": "https://recipe1.ezmember.co.kr/cache/recipe/2022/12/10/ae8fcf75d4092334edf7c8f65f2f25681.jpg"
            },
            {
                "recipe_step_content": "\ubbf9\uc11c\uae30\ub97c \ub3cc\ub824\uc11c \uc7a3\uc744 \uac08\uc544\uc8fc\uc138\uc694.",
                "recipe_step_img": "https://recipe1.ezmember.co.kr/cache/recipe/2022/12/10/91a64d2174362847628f9937e2f521d71.jpg"
            },
            {
                "recipe_step_content": "\ub0c4\ube44\uc5d0 \ucc39\uc300\uac00\ub8e8 \ubc18 \ucef5\uc744 \ub123\uace0 \ubbf9\uc11c\uae30\ub97c \ub3cc\ub824\uc11c \uc7a3\uc744 \uac08\uc544\uc8fc\uc138\uc694.\ucc39\uc300\uac00\ub8e8\uac00 \uacf1\uac8c \ud480\ub824\uc57c \ubd80\ub4dc\ub7ec\uc6b4 \uc8fd\uc744 \ub9cc\ub4e4 \uc218 \uc788\uc5b4\uc694.",
                "recipe_step_img": "https://recipe1.ezmember.co.kr/cache/recipe/2022/12/10/9785df876b6f8099c363641052cb6fec1.jpg"
            },
            {
                "recipe_step_content": "\uc911\ubd88\ub85c \ub053\uc5ec\uc8fc\uc138\uc694. \ucc39\uc300\uac00\ub8e8\uac00 \ud480\ucc98\ub7fc \ub420\ub54c\uae4c\uc9c0 \ub053\uc5ec\uc8fc\uba74 \ub418\ub294\ub370\uc694, \ub4e4\ub7ec\ubd99\uc9c0 \uc54a\ub3c4\ub85d \uacc4\uc18d \uc800\uc5b4\uc8fc\uc5b4\uc57c \ud574\uc694.",
                "recipe_step_img": "https://recipe1.ezmember.co.kr/cache/recipe/2022/12/10/55fab17383748efb85061aead203ce7b1.jpg"
            },
            {
                "recipe_step_content": "\ucc39\uc300\uc774 \ub053\uc5b4\uc624\ub974\uba74 \ubbf8\ub9ac \uac08\uc544 \ub450\uc5c8\ub358 \uc7a3\uc744 \ubaa8\ub450 \ubd80\uc5b4 \uc8fc\uc138\uc694. \uadf8\ub9ac\uace0 \uacc4\uc18d \uc911\ubd88\ub85c \ub053\uc5ec\uc8fc\uba70 4~5\ubd84 \uc815\ub3c4\ub9cc \ucd94\uac00\ub85c \ub354 \ub053\uc5ec\uc8fc\uc138\uc694.",
                "recipe_step_img": "https://recipe1.ezmember.co.kr/cache/recipe/2022/12/10/276dc280a0a9dc44abcb5d5da230a8191.jpg"
            },
            {
                "recipe_step_content": "\uc644\uc131\ub41c \uc8fd\uc744 \uadf8\ub987\uc5d0 \ub2f4\uace0 \uc7a3\uc744 \uace0\uba85\uc73c\ub85c \uc62c\ub824\uc8fc\uc138\uc694. \ub9db\uc788\ub294 \uc7a3\uc8fd \uc644\uc131\uc785\ub2c8\ub2e4.",
                "recipe_step_img": "https://recipe1.ezmember.co.kr/cache/recipe/2022/12/10/2f7142080583077ef916ecc8f6e491601.jpg"
            },
            {
                "recipe_step_content": "\uc5ec\uae30\uc5d0 \uac04\uc744 \ud558\uae30 \uc704\ud574\uc11c \uc18c\uae08 0.5t\ub97c \ub123\uace0 \uc798 \uc11e\uc5b4\uc8fc\uc5c8\uc5b4\uc694.",
                "recipe_step_img": "https://recipe1.ezmember.co.kr/cache/recipe/2022/12/10/2e3df547f842c9d2c12491b854d1bccf1.jpg"
            }
        ],
        "recipe_material_list": [
            {
                "material_name": "\uc7a3",
                "material_opecity": "3T "
            },
            {
                "material_name": "\ucc39\uc300\uac00\ub8e8",
                "material_opecity": "1/2\ucef5 "
            },
            {
                "material_name": "\ubb3c",
                "material_opecity": "400ml "
            },
            {
                "material_name": "\uc18c\uae08",
                "material_opecity": "0.5t "
            }
        ]
    },
    {
        "_id": "660c9c3c9b7a9e791d4675cc",
        "recipe_title": "\ubcf4\uc591\uc774\ud544\uc694\ud558\ub2e4\uba74\u2665\uc7a3\uc8fd",
        "recipe_img_url": "https://recipe1.ezmember.co.kr/cache/recipe/2018/04/03/ffab611e9f85e0579bb213f7cbf8d4c51.jpg",
        "recipe_steps": [
            {
                "recipe_step_content": "\uc300\uc740 \ubd88\ub824\uc11c \uc900\ube44\ud55c\ub2e4.",
                "recipe_step_img": "https://recipe1.ezmember.co.kr/cache/recipe/2018/04/03/bd56b95aef9bcf86e6ccccadd33223791.jpg"
            },
            {
                "recipe_step_content": "\uc2a4\ubb34\ub514\ucc28\ud37c\uc5d0 \ubd88\ub9b0 \uc300, \uc7a3, \ubb3c 1\uc885\uc774\ucef5\uc744 \ub123\uc5b4 \uac08\uc544\uc11c \uc900\ube44\ud55c\ub2e4.",
                "recipe_step_img": "https://recipe1.ezmember.co.kr/cache/recipe/2018/04/03/b47c4dfddbc27373180df571ead3e9201.png"
            },
            {
                "recipe_step_content": "\ub0c4\ube44\uc5d0 \uac08\uc544\ub193\uc740 \uc7ac\ub8cc\uc640 \ubb3c 2\uc885\uc774\ucef5\uc744 \ubd93\uace0 \ub053\uc778\ub2e4.\ub0c4\ube44",
                "recipe_step_img": "https://recipe1.ezmember.co.kr/cache/recipe/2018/04/03/72c6450574499241835a75ba81e01e731.png"
            },
            {
                "recipe_step_content": "\uac78\ucb49\ud574 \uc9c0\uba74 \ubd88\uc744 \ub044\uace0 \uc644\uc131\ud55c\ub2e4.",
                "recipe_step_img": "https://recipe1.ezmember.co.kr/cache/recipe/2018/04/03/8d969e1d45ab2ad11ed3e16235a162af1.png"
            },
            {
                "recipe_step_content": "\uc18c\uae08\uac04\uc740 \uba39\uae30 \uc804\uc5d0 \ub530\ub85c \ud574 \uc8fc\uc138\uc694.",
                "recipe_step_img": "https://recipe1.ezmember.co.kr/cache/recipe/2018/04/03/54f96ab3ba00d86d255c130fb8c33aed1.png"
            }
        ],
        "recipe_material_list": [
            {
                "material_name": "\ubd88\ub9b0\uc300",
                "material_opecity": "1\uc885\uc774\ucef5 "
            },
            {
                "material_name": "\uc7a3",
                "material_opecity": "1/2\uc885\uc774\ucef5 "
            },
            {
                "material_name": "\ubb3c",
                "material_opecity": "3\uc885\uc774\ucef5 "
            },
            {
                "material_name": "\uc18c\uae08",
                "material_opecity": "\uc57d\uac04 "
            }
        ]
    },
    {
        "_id": "660c9c3c9b7a9e791d4675cd",
        "recipe_title": "\ub0a8\ud3b8 \uac04\uc2dd, \uace0\uc18c\ud55c \uc7a3\uc8fd",
        "recipe_img_url": "https://recipe1.ezmember.co.kr/cache/recipe/2018/06/02/c0738ca8327c55ebfb2752950b24cf551.jpg",
        "recipe_steps": [
            {
                "recipe_step_content": "\ucc39\uc300\uc740 \ubb3c\uc5d0 \ubd88\ub7ec\ub450\uace0 \uc7a3\ub3c4 \uae68\ub057\ud558\uac8c \uc53b\uc5b4\ub454\ub2e4.",
                "recipe_step_img": "https://recipe1.ezmember.co.kr/cache/recipe/2018/06/05/db02faa69c7a8c88b4ff440e580a102a1.jpg"
            },
            {
                "recipe_step_content": "\ubd88\ub7ec\ub454 \ucc39\uc300, \uc7a3\uc744 \ub123\uace0 \ub3c4\uae68\ube44\ubc29\ub9dd\uc774\ub85c \uac08\uc544\uc900\ub2e4.",
                "recipe_step_img": "https://recipe1.ezmember.co.kr/cache/recipe/2018/06/05/52a90a3220572a8ad3724869df97ad311.jpg"
            },
            {
                "recipe_step_content": "\ubb3c 4\ucef5\uc744 \ubd93\uace0 \ub053\uc5ec\uc900\ub2e4.",
                "recipe_step_img": "https://recipe1.ezmember.co.kr/cache/recipe/2018/06/05/576fa8bcb464f7063e3074af7d4f49201.jpg"
            },
            {
                "recipe_step_content": "\uc18c\uae08\uc73c\ub85c \uac04\uc744 \ud55c \ud6c4 \ub9c8\ubb34\ub9ac\ud55c\ub2e4.",
                "recipe_step_img": "https://recipe1.ezmember.co.kr/cache/recipe/2018/06/05/b67488d3df42dc8fbfb0bf2785240ab91.jpg"
            }
        ],
        "recipe_material_list": [
            {
                "material_name": "\ucc39\uc300",
                "material_opecity": "1\ucef5 "
            },
            {
                "material_name": "\ubb3c",
                "material_opecity": "4\ucef5 "
            },
            {
                "material_name": "\uc7a3",
                "material_opecity": "50g "
            },
            {
                "material_name": "\uc18c\uae08",
                "material_opecity": "\uc57d\uac04 "
            }
        ]
    },
    {
        "_id": "660c9c3c9b7a9e791d4675ce",
        "recipe_title": "\uc6b0\uc720\uae4c\uc9c0 \ub123\uc5b4 \ub354 \uace0\uc18c\ud55c \uc544\uce68\ubc25\uc73c\ub85c \uc88b\uc740 \uc7a3\uc8fd\ub9cc\ub4e4\uae30",
        "recipe_img_url": "https://recipe1.ezmember.co.kr/cache/recipe/2015/09/26/6c274687bec33b571a75464e1399d487.jpg",
        "recipe_steps": [
            {
                "recipe_step_content": ".\ubbf9\uc11c\uae30\uc5d0 \ubb3c\uc744 \ud55c\ucef5\uc815\ub3c4 \ub123\uace0\uc694. \ubc25\uc744 \ub123\uc5b4\uc8fc\uace0\uc694.",
                "recipe_step_img": "https://recipe1.ezmember.co.kr/cache/recipe/2015/09/30/e16a1e65c8dca3e96f8bbe5264252a3e1.jpg"
            },
            {
                "recipe_step_content": "\uc7a3\uc744 \ub123\uc5b4\uc918\uc694. \uacf1\uac8c \uac08\uc544\uc90d\ub2c8\ub2e4.",
                "recipe_step_img": "https://recipe1.ezmember.co.kr/cache/recipe/2015/09/30/e7cadeffb1a365feb4d5beb3083d18411.jpg"
            },
            {
                "recipe_step_content": "\uac08\uc544 \ub193\uc740 \uac83\uc5d0 \uc6b0\uc720\ub97c \ub123\uc5b4 \ub18d\ub3c4\ub97c \ub9de\ucd94\uace0 \uc18c\uae08\uac04\uc744\ud569\ub2c8\ub2e4.",
                "recipe_step_img": "https://recipe1.ezmember.co.kr/cache/recipe/2015/09/30/42b5cd15f4c7605eb20deb9231bfb0941.jpg"
            }
        ],
        "recipe_material_list": [
            {
                "material_name": "\uc7a3",
                "material_opecity": "1\uc90c "
            },
            {
                "material_name": "\ubc25",
                "material_opecity": "3\uc21f\uac00\ub77d "
            },
            {
                "material_name": "\uc6b0\uc720",
                "material_opecity": "2/3\ucef5 "
            },
            {
                "material_name": "\ubb3c",
                "material_opecity": " "
            },
            {
                "material_name": "\uc18c\uae08",
                "material_opecity": "\uc57d\uac04 "
            }
        ]
    },
    {
        "_id": "660c9c3c9b7a9e791d4675cf",
        "recipe_title": "\uc7a3\uc8fd \uc7a3\uc8fd\uc464\uae30 \uc7a3\uc8fd\ub053\uc774\ub294\ubc95",
        "recipe_img_url": "https://recipe1.ezmember.co.kr/cache/recipe/2022/03/14/5b9429be0242c915d5c6f429461123861.jpg",
        "recipe_steps": [
            {
                "recipe_step_content": "\uc300(2/3\ucef5), \ucc39\uc300(1/3\ucef5)\uc740\n\uc53b\uc5b4\uc11c 1\uc2dc\uac04 \ubd88\ub824\uc694\n\ubd88\ub9b0 \uc300\uc740 \uccb4\uc5d0 \ubc1b\ud600 \ub461\ub2c8\ub2e4\n",
                "recipe_step_img": "https://recipe1.ezmember.co.kr/cache/recipe/2022/03/14/71baf29ebd880fb3ed4c1b969ca67a1d1.jpg"
            },
            {
                "recipe_step_content": "\ubd88\ub9b0\uc300 \ubb3c 1\ucef5 \ub123\uace0\n\ubbf9\uc11c\uae30\uc5d0 \uc7a0\uae50 \uac08\uc544\uc11c \uc0ac\uc6a9 \ud560\uac8c\uc694\n\ub20c\uc9c0\uc54a\uac8c \uc800\uc73c\uba70 \ub053\uc785\ub2c8\ub2e4\n\ubb3c 3\ucef5 \ub123\uc5c8\uc5b4\uc694\n",
                "recipe_step_img": "https://recipe1.ezmember.co.kr/cache/recipe/2022/03/14/5a3f0fa8aed27c11652b49d410b28a661.jpg"
            },
            {
                "recipe_step_content": "\ud3ed\ud3ed~\n\ub053\uc73c\uba74 \uc53b\uc5b4\uc11c \ubb3c 1\ucef5\ub123\uace0\n\ubbf9\uc11c\uae30\uc5d0 \uac08\uc544\ub454 \uc7a3 \ub123\uc5b4 \uc90d\ub2c8\ub2e4\n\ubb3c 1\ucef5 \ub354 \ubd80\uc5b4\uc694\n",
                "recipe_step_img": "https://recipe1.ezmember.co.kr/cache/recipe/2022/03/14/5eb96e8d358fa13409a40a2349f762e91.jpg"
            },
            {
                "recipe_step_content": "\uacc4\uc18d \uc800\uc73c\uba70 \ub053\uc5ec \uc90d\ub2c8\ub2e4\n",
                "recipe_step_img": "https://recipe1.ezmember.co.kr/cache/recipe/2022/03/14/244f69566357a3243d3cb5a8d0188ab81.jpg"
            },
            {
                "recipe_step_content": "\uac04\uc740 \ub530\ub85c\ud558\uc9c0 \uc54a\uc544\uc694\n\uc7a3\uc8fd \uc644\uc131 \uc785\ub2c8\ub2e4\n",
                "recipe_step_img": "https://recipe1.ezmember.co.kr/cache/recipe/2022/03/14/182f257e62b1b25529ff4ac25a3ee5251.jpg"
            }
        ],
        "recipe_material_list": [
            {
                "material_name": "\uc300",
                "material_opecity": "2/3\ucef5 "
            },
            {
                "material_name": "\ucc39\uc300",
                "material_opecity": "1/3\ucef5 "
            },
            {
                "material_name": "\uc7a3",
                "material_opecity": "1/2\ucef5 "
            },
            {
                "material_name": "\ubb3c",
                "material_opecity": "6\ucef5 "
            }
        ]
    },
    {
        "_id": "660c9c3c9b7a9e791d4675d1",
        "recipe_title": "\ucd08\ucf54\uc7a3\ucc30\ube75:la\uc601\uc591\ucc30\ub5a1\uc758 \uc751\uc6a9\ubc84\uc8042",
        "recipe_img_url": "https://recipe1.ezmember.co.kr/cache/recipe/2016/10/27/cbdd0e0629f0b7d8fd3e66f6b9eaeba41.jpg",
        "recipe_steps": [
            {
                "recipe_step_content": "\ubaa8\ub4e0 \uac00\ub8e8\ub958\uc640 \uc6b0\uc720,\uacc4\ub780\uc744 \uc798 \uc11e\uc5b4\uc8fc\uc138\uc694\uc800\ub294 \uac08\uc0c9\ub098\ub294 \uc720\uae30\ub18d\uc124\ud0d5\uc744 \ub123\uc5c8\ub294\ub370 \ud751\uc124\ud0d5\uc744 \ub123\uc5b4\uc8fc\uba74 \uc0c9\uc774 \uc9c4\ud558\uac8c \ub098\uc11c \ub354 \uba39\uc74c\uc9c1\uc2a4\ub7ec\uc6cc \ubcf4\uc5ec\uc694(\uac1c\uc778\uc0dd\uac01)",
                "recipe_step_img": "https://recipe1.ezmember.co.kr/cache/recipe/2016/10/27/4ca64e9cede03b63f96c1306425184de1.jpg"
            },
            {
                "recipe_step_content": "\ucd08\ucf54\uce69,\ub2e4\uc9c4\uc7a3,\ud06c\ub80c\ubca0\ub9ac\ub97c \ub123\ub3c4 \ub300\ucda9 \uc11e\uc5b4\uc8fc\uc138\uc694\uc7a3\uc744 \ub2e4\uc838\ub123\ub294 \uac83\uc740 \uc7a3\uc774 \uc790\uafb8 \ud758\ub7ec\ub0b4\ub824\uc11c \uc774\uae30\ub3c4 \ud558\uace0 \uc544\uc774\uac00 \uace8\ub77c\ub0b4\uc9c0 \uc54a\uace0 \uba39\uac8c \ud558\uae30 \uc704\ud55c \uac83\uc774\uc5d0\uc694",
                "recipe_step_img": "https://recipe1.ezmember.co.kr/cache/recipe/2016/10/27/cf9392e2e08057a8decab68f19c4efd01.jpg"
            },
            {
                "recipe_step_content": "24\uc13c\ud2f0 \ucf00\uc78c\ud32c\uc5d0 \uc720\uc0b0\uc9c0\ub97c \uae54\uac70\ub098 \uc624\uc77c\uc744 \ubc14\ub978 \ud6c4 \ubc18\uc8fd\uc744 \ub123\uace0\n\uadf8 \uc704\uc5d0 \uc7a3\uacfc \ucd08\ucf54\uce69,\ud06c\ub80c\ubca0\ub9ac \ub4f1\uc744 \ud1a0\ud551\ud574 \uc8fc\uc138\uc694\ubaa8\ub4e0 \ud1a0\ud551\uc7ac\ub8cc\uc640 \uc591\uc740 \ub808\uc2dc\ud53c\uc5d0 \uad6c\uc560\ub428\uc5c6\uc774 \uc785\ub9db\uaecf \ucde8\ud5a5\uaecf \ub123\uc73c\uc2dc\uba74 \ub429\ub2c8\ub2e4",
                "recipe_step_img": "https://recipe1.ezmember.co.kr/cache/recipe/2016/10/27/653c422323d691b406f7047f2e4e77e71.jpg"
            },
            {
                "recipe_step_content": "160\ub3c4\ub85c \uc608\uc5f4\ud55c \uc624\ube10\uc5d0\uc11c 45\ubd84\ub0b4\uc678\ub85c \uad6c\uc6cc\uc8fc\uc138\uc694\uc624\ube10\uc813\uac00\ub77d\uc744 \ucc14\ub7ec \ubcf4\uc544 \uc544\ubb34\uac83\ub3c4 \ubb3b\uc5b4\ub098\uc624\uc9c0 \uc54a\uc73c\uba74 \uc644\uc131\ub41c \uac83\uc774\uc5d0\uc694",
                "recipe_step_img": "https://recipe1.ezmember.co.kr/cache/recipe/2016/10/27/276c9979f73cdb78df66985aac68e8b31.jpg"
            },
            {
                "recipe_step_content": "\ucd08\ucf54\uce69\uc744 \ud1a0\ud551\uc73c\ub85c \uc62c\ub838\uc744 \ub54c\ub294\n\ubc14\ub85c \uc790\ub974\uba74 \ucd08\ucf54\uac00 \ubb3b\uc5b4\ub098\uc624\ubbc0\ub85c\n\ucd08\ucf54\uac00 \uad73\uc740 \uac83\uc744 \ud655\uc778\ud55c \ud6c4 \uc798\ub77c\uc8fc\uc138\uc694",
                "recipe_step_img": "https://recipe1.ezmember.co.kr/cache/recipe/2016/10/27/af270b3f53681de7f0717a4c3582ab621.jpg"
            }
        ],
        "recipe_material_list": [
            {
                "material_name": "\ucc39\uc300\uac00\ub8e8(\uac74\uc2dd)",
                "material_opecity": "300g "
            },
            {
                "material_name": "\uc6b0\uc720",
                "material_opecity": "200g "
            },
            {
                "material_name": "\uc124\ud0d5",
                "material_opecity": "80g "
            },
            {
                "material_name": "\uacc4\ub780",
                "material_opecity": "2\uac1c "
            },
            {
                "material_name": "\ubca0\uc774\ud0b9\ud30c\uc6b0\ub354",
                "material_opecity": "1\uc791\uc740\uc220 "
            },
            {
                "material_name": "\ubca0\uc774\ud0b9\uc18c\ub2e4",
                "material_opecity": "1/2\uc791\uc740\uc220 "
            },
            {
                "material_name": "\uc18c\uae08",
                "material_opecity": "1/4\uc791\uc740\uc220 "
            },
            {
                "material_name": "\ucd08\ucf54\uce69",
                "material_opecity": "\uc57d\uac04 "
            },
            {
                "material_name": "\uc7a3",
                "material_opecity": "\uc57d\uac04 "
            },
            {
                "material_name": "\ud06c\ub80c\ubca0\ub9ac",
                "material_opecity": "\uc57d\uac04 "
            },
            {
                "material_name": "\ud53c\uce78",
                "material_opecity": "\uc57d\uac04 "
            }
        ]
    },
    {
        "_id": "660c9c3c9b7a9e791d4675d3",
        "recipe_title": "\uc7a3\uc8fd \ub9cc\ub4e4\uae30 \ud658\uc790\uc2dd \uc7a3\uc8fd \ub9cc\ub4e4\uae30",
        "recipe_img_url": "https://recipe1.ezmember.co.kr/cache/recipe/2023/09/13/3a22d548e537813903bbe837c7015a9b1.jpg",
        "recipe_steps": [
            {
                "recipe_step_content": "\uc7a3\uc8fd\uc744 \ub9cc\ub4e4 \uc7ac\ub8cc \uc900\ube44\ud588\uc5b4\uc694. \ucc39\uc300, \ub9f5\uc300 \ubc18\ubc18\uc529 \ub123\uc73c\uba74 \ub354 \ub9db\uc788\uc5b4\uc694.\ubbf9\uc2f1\ubcfc",
                "recipe_step_img": "https://recipe1.ezmember.co.kr/cache/recipe/2023/09/13/39613f25ef5ee3389e13a50cf9aac35a1.jpg"
            },
            {
                "recipe_step_content": "\uc300\uc740 \uc11c\ub108\ubc88 \uc53b\uc740 \ud6c4 \ubb3c\uc5d0 \ud55c\uc2dc\uac04\ub3d9\uc548 \ub2f4\uad6c\uc5b4 \ubd88\ub824\uc8fc\uc138\uc694. \ubd88\ub9b0 \uc300\uc740 \ubb3c\uae30\ub97c \ube7c\uc8fc\uc138\uc694.",
                "recipe_step_img": "https://recipe1.ezmember.co.kr/cache/recipe/2023/09/13/74602cdc360b55f58cf6e911161bf48c1.jpg"
            },
            {
                "recipe_step_content": "\uae4a\uc740 \uadf8\ub987\uc5d0 \ubd88\ub9b0\uc300\uacfc \uc300\uc774 \uc7a0\uae30\ub3c4\ub85d \ubb3c \ub123\uace0.",
                "recipe_step_img": "https://recipe1.ezmember.co.kr/cache/recipe/2023/09/13/bd1ff2cf119f00d8f037317609652c021.jpg"
            },
            {
                "recipe_step_content": "\ud578\ub4dc\ube14\ub80c\ub354\ub85c \uac08\uc544\uc90d\ub2c8\ub2e4.\n\uc300\uc54c\uac31\uc774\uac00 \uc870\uae08 \uc788\ub3c4\ub85d \uc0b4\uc9dd\ub9cc \uac08\uc558\uc2b5\ub2c8\ub2e4.\ud578\ub4dc\ube14\ub80c\ub354",
                "recipe_step_img": "https://recipe1.ezmember.co.kr/cache/recipe/2023/09/13/6f3de7fae64717ee4eb9e6112983453b1.jpg"
            },
            {
                "recipe_step_content": "\uc7a3 40g \uc900\ube44\ud588\uc5b4\uc694.",
                "recipe_step_img": "https://recipe1.ezmember.co.kr/cache/recipe/2023/09/13/710d1e552c59798bf12ea29521dabcd51.jpg"
            },
            {
                "recipe_step_content": "\uc7a3\uc5d0 \ubb3c 100ml \ub123\uace0",
                "recipe_step_img": "https://recipe1.ezmember.co.kr/cache/recipe/2023/09/13/aad83d4c6f4908d8ba324da42f6ed6dc1.jpg"
            },
            {
                "recipe_step_content": "\uac08\uc544\uc8fc\uc5c8\uc5b4\uc694.\n\uc300\uacfc \uc7a3\uc744 \ud55c\uaebc\ubc88\uc5d0 \ub123\uace0 \uac08\uc9c0\uc54a\ub294 \uc774\uc720\ub294 \uc7a3\uc740 \uc624\ub798 \ub053\uc774\uba74 \uc0ad\uc544\uc11c \ubb3c\ucc98\ub7fc \ub418\uc5b4 \ubc84\ub9ac\uac70\ub4e0\uc694.\n\uadf8\ub798\uc11c \ub530\ub85c\ub530\ub85c \uac08\uc544\uc8fc\uc5b4\uc57c \ud574\uc694.",
                "recipe_step_img": "https://recipe1.ezmember.co.kr/cache/recipe/2023/09/13/4e47c92af4acbd4feb1221c13b8bad9f1.jpg"
            },
            {
                "recipe_step_content": "\uc13c\ubd88\uc5d0\uc11c \ub0c4\ube44\uc5d0 \uac08\uc740 \uc300\uacfc \ubb3c 1L \ub123\uace0 \uc800\uc73c\uba74\uc11c \ub053\uc5ec\uc8fc\uc138\uc694.\n\ub053\uc73c\uba74 \uc911\ubd88\ub85c \uc904\uc5ec\uc11c \uc300\uc54c\uc774 \ud37c\uc9c0\ub3c4\ub85d \ub053\uc5ec\uc90d\ub2c8\ub2e4.\n\uc8fd\uc774 \ub418\uc9c1\ud574\uc838\ub3c4 \ubb3c \ub354 \ub123\uc9c0\ub9d0\uc544\uc8fc\uc138\uc694.\n\uc7a3\uc744 \ub123\uc73c\uba74 \ub18d\ub3c4\uac00 \ub354 \ubb3d\uc5b4\uc9c0\uac70\ub4e0\uc694.\n\uadf8\ub9ac\uace0 \uc7a3\uc8fd\uc740 \uc2dd\uc73c\uba74 \ub354 \ubb3d\uc5b4\uc9c0\ubbc0\ub85c \ub418\uc9c1\ud558\uac8c \ub9cc\ub4e4\uc5b4\uc8fc\uc138\uc694.\ub0c4\ube44.\uc694\ub9ac\uc8fc\uac71\uc13c\ubd88\uc5d0\uc11c \ub053\uc73c\uba74 \uc911\ubd88",
                "recipe_step_img": "https://recipe1.ezmember.co.kr/cache/recipe/2023/09/13/326c3450ccaab86af86c1e0de6198ac71.jpg"
            },
            {
                "recipe_step_content": "\uc300\uc54c\uc774 \ub2e4 \ud480\uc5b4\uc9c0\uace0 \uc8fd\uc774 \uac70\uc758 \ub2e4 \ub418\uc5c8\uc744\ub54c \uac08\uc544\ub193\uc740 \uc7a3\uc744 \ub123\uace0.",
                "recipe_step_img": "https://recipe1.ezmember.co.kr/cache/recipe/2023/09/13/ad3c5a4c4c4943fa9e2fd3c46c9b1ece1.jpg"
            },
            {
                "recipe_step_content": "\ud718\ub9ac\ub9ad \uc800\uc740 \ud6c4 \uc6b0\ub974\ub974 \ub053\uc73c\uba74 \ubd88\uc744 \ub055\ub2c8\ub2e4. \uc7a3\uc744 \ub123\uc740 \ud6c4 \ub108\ubb34 \ub9ce\uc774 \uc800\uc73c\uba74 \uc8fd\uc774 \uc0ad\uc73c\ubbc0\ub85c \ub531 \ud55c\ubc88\ub9cc \uc800\uc5b4\uc8fc\uc138\uc694.",
                "recipe_step_img": "https://recipe1.ezmember.co.kr/cache/recipe/2023/09/13/dbeb50c3f63e9e49871d3714fd15d8421.jpg"
            },
            {
                "recipe_step_content": "\uc18c\uae08, \uc124\ud0d5\uac04\ub3c4 \ud558\uc2dc\uba74 \uc544\ub2c8\ub418\ub294\uac8c \uc7a3\uc8fd\uc774 \uc0ad\uc544\ubc84\ub9ac\ubbc0\ub85c \uadf8\ub987\uc5d0 \ub123\uace0\ub098\uc11c \uc124\ud0d5, \uc18c\uae08 \uc801\ub2f9\ud788 \ub123\uc5b4\uc11c \uac04\uc744 \ud574\uc8fc\uc138\uc694.",
                "recipe_step_img": "https://recipe1.ezmember.co.kr/cache/recipe/2023/09/13/6904cc5721b82a7110127382b7a75eba1.jpg"
            },
            {
                "recipe_step_content": "\uadf8\ub987\uc5d0 \ub2f4\uace0 \uc7a3\uc744 \ub744\uc6cc\uc8fc\uc5c8\uc5b4\uc694. \uace0\uc18c\ud55c \uc7a3\uc8fd \ub9db\uc788\uac8c \ub9cc\ub4e4\uc5b4 \ub4dc\uc154\uc694.\uad6d\uc790 , \ub300\uc811",
                "recipe_step_img": "https://recipe1.ezmember.co.kr/cache/recipe/2023/09/13/16d7d2bf710898c8c8b852d0e22eb35c1.jpg"
            }
        ],
        "recipe_material_list": [
            {
                "material_name": "\ucc39\uc300",
                "material_opecity": "80g "
            },
            {
                "material_name": "\ubc31\ubbf8",
                "material_opecity": "80g "
            },
            {
                "material_name": "\uc7a3",
                "material_opecity": "40g "
            },
            {
                "material_name": "\ubb3c",
                "material_opecity": "1L "
            },
            {
                "material_name": "\uc18c\uae08",
                "material_opecity": "\uc801\ub2f9\ub7c9 "
            },
            {
                "material_name": "\uc124\ud0d5",
                "material_opecity": "\uc801\ub2f9\ub7c9 "
            }
        ]
    },
    {
        "_id": "660c9c3c9b7a9e791d4675d4",
        "recipe_title": "\uace0\uc18c\ud55c \uac10\uce60\ub9db \uc7a3\uba78\uce58\ubcf6\uc74c",
        "recipe_img_url": "https://recipe1.ezmember.co.kr/cache/recipe/2015/06/08/52755c6ec24313debab3ed1b4374752e.jpg",
        "recipe_steps": [
            {
                "recipe_step_content": "\uba78\uce58\ub294 \ucc44\uc5d0 \ubc1b\ud600 \uba78\uce58\uac00\ub8e8\ub97c \ud138\uc5b4\ub0b8\ub2e4.",
                "recipe_step_img": "https://recipe1.ezmember.co.kr/cache/recipe/2015/06/19/f90097adbc0a8a981792c48f192d04d11.jpg"
            },
            {
                "recipe_step_content": "\ubcf6\uc74c\ud32c\uc774 \ub2ec\uad88\uc9c0\uba74 \uba78\uce58\ub97c \ub9c8\ub978\ud32c\uc5d0\uc11c \ubcf6\uc544 \ube44\ub9bf\ud568\uc744 \ub0a0\ub824\uc900\ub2e4.",
                "recipe_step_img": "https://recipe1.ezmember.co.kr/cache/recipe/2015/06/19/aa5f042695b40b34bbe222b9c239b9311.jpg"
            },
            {
                "recipe_step_content": "\uc2dd\uc6a9\uc720 \ub450\ub978 \ud32c\uc5d0\uc11c \uc2dd\uc6a9\uc720\uac00 \ub053\ub294 \uc2ef\uc810\uc5d0 \ubd88\uc744 \ub044\uace0 \ud3b8\uc73c\ub85c \uc36c \ub9c8\ub298\uc744 \ub9c8\ub298\ud5a5\uc774 \ub098\ub3c4\ub85d \ubcf6\ub294\ub2e4.",
                "recipe_step_img": "https://recipe1.ezmember.co.kr/cache/recipe/2015/06/19/c5ddc4dd70c0a417a112cf91b4cb00c21.jpg"
            },
            {
                "recipe_step_content": "\ub9c8\ub978\ud32c\uc5d0 \ubcf6\uc740 \uba78\uce58\ub97c \ub123\uace0 \uac19\uc774 \uace0\ub8e8 \uc11e\uc5b4 \ubcf6\ub294\ub2e4.",
                "recipe_step_img": "https://recipe1.ezmember.co.kr/cache/recipe/2015/06/19/ed3f760091e191bb0008c57caa5c73831.jpg"
            },
            {
                "recipe_step_content": "\ubcf6\uc740 \uba78\uce58\ub97c \ud55c\ucabd\uc73c\ub85c \ubc00\uc5b4\ub193\uace0 \uac04\uc7a5, \ub9e4\uc2e4\uccad, \uafc0\uc744 \ub123\uc5b4\uc90d\ub2c8\ub2e4.",
                "recipe_step_img": "https://recipe1.ezmember.co.kr/cache/recipe/2015/06/19/fb6bcd331157ec4ac305eced724ec68f1.jpg"
            },
            {
                "recipe_step_content": "\uc591\ub150\uc774 \ub053\uc73c\uba74 \uba78\uce58\uc640 \uc7a3\uc744 \uc11e\uc5b4 \uace0\ub8e8 \ubc84\ubb34\ub9ac\ub4ef \ubcf6\ub294\ub2e4.",
                "recipe_step_img": "https://recipe1.ezmember.co.kr/cache/recipe/2015/06/19/dc8990d1072858954e8e3fe868ca4c891.jpg"
            },
            {
                "recipe_step_content": ")\ucc38\uae30\ub984\uc744 \ub123\uace0 \ud5a5\uc774 \uace0\ub8e8 \ud37c\uc9c0\ub3c4\ub85d \uace0\ub8e8 \uc11e\uc5b4\uc900\ub2e4.",
                "recipe_step_img": "https://recipe1.ezmember.co.kr/cache/recipe/2015/06/19/e20a305f42fc122d315144cfe513bcef1.jpg"
            }
        ],
        "recipe_material_list": [
            {
                "material_name": "\uba78\uce58",
                "material_opecity": "2\ucef5 "
            },
            {
                "material_name": "\uc7a3",
                "material_opecity": "1\uc90c "
            },
            {
                "material_name": "\ub9c8\ub298",
                "material_opecity": "3\ud1a8 "
            },
            {
                "material_name": "\uc2dd\uc6a9\uc720",
                "material_opecity": "2\ud070\uc220 "
            },
            {
                "material_name": "\uc9c4\uac04\uc7a5",
                "material_opecity": "2\ud070\uc220 "
            },
            {
                "material_name": "\ub9e4\uc2e4\uccad",
                "material_opecity": "1\ud070\uc220 "
            },
            {
                "material_name": "\uafc0",
                "material_opecity": "0.5\ud070\uc220 "
            },
            {
                "material_name": "\ucc38\uae30\ub984",
                "material_opecity": "0.5\ud070\uc220 "
            }
        ]
    },
    {
        "_id": "660c9c3c9b7a9e791d4675d8",
        "recipe_title": "\uc7a3\uc308\uc7a5\u2661",
        "recipe_img_url": "https://recipe1.ezmember.co.kr/cache/recipe/2019/12/11/3737f2d1dd04199384e6a360bf4ae4e71.jpg",
        "recipe_steps": [
            {
                "recipe_step_content": "\ub41c\uc7a5 3\ud070\uc220\uc744 \ub123\uace0,\ub41c\uc7a5 3\ud070\uc220. ",
                "recipe_step_img": "https://recipe1.ezmember.co.kr/cache/recipe/2019/12/11/531636d5cad3e750739e434e0185b35e1.jpg"
            },
            {
                "recipe_step_content": "\uace0\ucd94\uc7a5 1\ud070\uc220\uc744 \ub123\uace0,\uace0\ucd94\uc7a5 1\ud070\uc220. ",
                "recipe_step_img": "https://recipe1.ezmember.co.kr/cache/recipe/2019/12/11/d1ebac74afa5504d2af6fefc16a7ceea1.jpg"
            },
            {
                "recipe_step_content": "\ub2e4\uc9c4\ub9c8\ub298 1\uc791\uc740\uc220\uc744 \ub123\uace0, \ub2e4\uc9c4\ub9c8\ub298 1\uc791\uc740\uc220. ",
                "recipe_step_img": "https://recipe1.ezmember.co.kr/cache/recipe/2019/12/11/7532aae5b736da14eb7f40d0230e99011.jpg"
            },
            {
                "recipe_step_content": "\ub4e4\uae30\ub984 2\ud070\uc220 \ub123\uace0, \ub4e4\uae30\ub984 2\ud070\uc220. ",
                "recipe_step_img": "https://recipe1.ezmember.co.kr/cache/recipe/2019/12/11/4035224617b3ffbefb93926f337969b61.jpg"
            },
            {
                "recipe_step_content": "\uc62c\ub9ac\uace0\ub2f9 1\uc791\uc740\uc220 \ub123\uace0,\uc62c\ub9ac\uace0\ub2f9 1\uc791\uc740\uc220. ",
                "recipe_step_img": "https://recipe1.ezmember.co.kr/cache/recipe/2019/12/11/3576523bd8396a3fdc5b5870d9018b771.jpg"
            },
            {
                "recipe_step_content": "\uba3c\uc800 \uc591\ub150\ub4e4\uc744 \uc798 \uc11e\uc5b4\uc92c\uc5b4\uc694~!!",
                "recipe_step_img": "https://recipe1.ezmember.co.kr/cache/recipe/2019/12/11/e09f6b736958b2679209d26ccfe469c31.jpg"
            },
            {
                "recipe_step_content": "\uae68 1\ud070\uc220 \ub123\uace0,\uae68 1\ud070\uc220.",
                "recipe_step_img": "https://recipe1.ezmember.co.kr/cache/recipe/2019/12/11/d4a380c87445fc1888347e57907801591.jpg"
            },
            {
                "recipe_step_content": "\uc7a3 2\ud070\uc220\uc744 \ub123\uace0,\uc7a3 2\ud070\uc220. ",
                "recipe_step_img": "https://recipe1.ezmember.co.kr/cache/recipe/2019/12/11/ffc4773906a77c9ac0a1dd9709acb0061.jpg"
            },
            {
                "recipe_step_content": "\ub0a8\ud3b8\uc744 \uc704\ud55c \ub9e4\ucf64\ud55c \uc308\uc7a5\uc744 \ub9cc\ub4e4\uae30 \uc704\ud574 \uccad\uc591\uace0\ucd94 2\uac1c\ub97c \uc798\uac8c \uc370\uc5b4 \ub123\uc5b4\uc900 \ub4a4 \uc11e\uc5b4\uc90d\ub2c8\ub2e4~!!\uccad\uc591\uace0\ucd94 2\uac1c. ",
                "recipe_step_img": "https://recipe1.ezmember.co.kr/cache/recipe/2019/12/11/399fb9608cabfbc25962478bf15867e51.jpg"
            },
            {
                "recipe_step_content": "\ub9e4\ucf64\ud55c \uccad\uc591\uace0\ucd94\uc7a3\uc308\uc7a5\uc758 \uc644\uc131\uc785\ub2c8\ub2e4~!!",
                "recipe_step_img": "https://recipe1.ezmember.co.kr/cache/recipe/2019/12/11/3978a0d9232a6d7756a3d07c44e0885e1.jpg"
            }
        ],
        "recipe_material_list": [
            {
                "material_name": "\ub41c\uc7a5",
                "material_opecity": "3\ud070\uc220 "
            },
            {
                "material_name": "\uace0\ucd94\uc7a5",
                "material_opecity": "1\ud070\uc220 "
            },
            {
                "material_name": "\ub2e4\uc9c4\ub9c8\ub298",
                "material_opecity": "1\uc791\uc740\uc220 "
            },
            {
                "material_name": "\ub4e4\uae30\ub984",
                "material_opecity": "2\ud070\uc220 "
            },
            {
                "material_name": "\uc62c\ub9ac\uace0\ub2f9",
                "material_opecity": "1\uc791\uc740\uc220 "
            },
            {
                "material_name": "\uae68",
                "material_opecity": "1\ud070\uc220 "
            },
            {
                "material_name": "\uc7a3",
                "material_opecity": "2\ud070\uc220 "
            },
            {
                "material_name": "\uccad\uc591\uace0\ucd94",
                "material_opecity": "2\uac1c "
            }
        ]
    },
    {
        "_id": "660c9c3c9b7a9e791d4675d9",
        "recipe_title": "\uc7a3\uc8fd:\uacac\uacfc\ubbf9\uc2a4\ub97c \ub354\ud574 \ub354 \ud48d\ubd80\ud574\uc9c4 \uc601\uc591\uc8fd",
        "recipe_img_url": "https://recipe1.ezmember.co.kr/cache/recipe/2016/11/02/6879bce8159d71abc0267a2e5df6c89a1.jpg",
        "recipe_steps": [
            {
                "recipe_step_content": "\uc300\uc740 \uc53b\uc740 \ud6c4 \uc11c\ub108\uc2dc\uac04 \ubd88\ub824\uc8fc\uc138\uc694:\n\ubc24\uc5d0 \ubd88\ub824\ub193\uace0 \uc544\uce68\uc5d0 \ub053\uc774\uba74 \ud3b8\ud574\uc694",
                "recipe_step_img": "https://recipe1.ezmember.co.kr/cache/recipe/2016/11/02/febbe4c83b9c42db1fbfafac0a463a991.jpg"
            },
            {
                "recipe_step_content": "\uc3001\ucef5+\ubb3c1\ucef5\uc744 \ub123\uace0 \ubbf9\uc11c\uc5d0 \uac04 \ud6c4 \ub0c4\ube44\uc5d0 \ubb3c4\ucef5\uacfc \ud568\uaed8 \ub123\uc5b4 \uc8fd\uc744 \uc464\uc5b4\uc694",
                "recipe_step_img": "https://recipe1.ezmember.co.kr/cache/recipe/2016/11/02/527fd0a9bf91b65d8b994656fee68b5d1.jpg"
            },
            {
                "recipe_step_content": "\uc911\uc57d\ubd88\uc5d0\uc11c \uacc4\uc18d \uc800\uc5b4\uc8fc\uba74\uc11c \ub053\uc774\uace0 \ubabd\uae00\ubabd\uae00 \ubb49\uce58\ub294 \uac83\uc774 \uc788\uc73c\uba74 \uc73c\uae68\uc8fc\uc138\uc694:\uc8fd\uc744 \uc46c \ub54c\ub294 \ub098\ubb34\uc8fc\uac71\uc774\ub098 \ub098\ubb34\uc21f\uac00\ub77d\uc744 \uc0ac\uc6a9\ud558\ub294 \uac83\uc774 \uc88b\uc544\uc694",
                "recipe_step_img": "https://recipe1.ezmember.co.kr/cache/recipe/2016/11/02/e65ef62cbe158905f0757ba867fde4381.jpg"
            },
            {
                "recipe_step_content": "\uc7a3\uacfc \uacac\uacfc\ubbf9\uc2a4\uc5d0 \ubb3c1\ucef5\uc744 \ub123\uace0\n\ubbf9\uc11c\uc5d0 \uac08\uc544\uc8fc\uc138\uc694:\uc300\uacfc \uacac\uacfc\ub958\uc758 \uc785\uc790\uad75\uae30\ub294 \uae30\ud638\uc5d0 \ub530\ub77c \uacb0\uc815\ud574\uc8fc\uc138\uc694",
                "recipe_step_img": "https://recipe1.ezmember.co.kr/cache/recipe/2016/11/02/ff978063779e4c80dc23549d09cfdf181.jpg"
            },
            {
                "recipe_step_content": "\uc300\uc774 \ud37c\uc9c0\uace0 \uc5b4\ub290 \uc815\ub3c4 \uc8fd\uc774 \n\ub2e4 \uc464\uc5b4\uc838\uac08 \ub54c \n\uc7a3\uacfc \uacac\uacfc\ub958 \uac04 \uac83\uc744 \ub123\uc5b4\uc8fc\uc138\uc694",
                "recipe_step_img": "https://recipe1.ezmember.co.kr/cache/recipe/2016/11/02/98f1bba6d58ec7c7bfa1ecbdd7e62e461.jpg"
            },
            {
                "recipe_step_content": "\uc8fd\uc774 \ud479 \ud37c\uc9c8 \ub54c\uae4c\uc9c0 \uc57d 5\ubd84\uc774\uc0c1 \uc57d\ubd88\uc5d0\uc11c \ub053\uc774\uace0 \uc911\uac04\uc911\uac04 \uc800\uc5b4\uc8fc\ub294 \uac83\uc744 \uc78a\uc9c0\ub9c8\uc138\uc694",
                "recipe_step_img": "https://recipe1.ezmember.co.kr/cache/recipe/2016/11/02/ff8eafca86a410d442bb6af5a63666da1.jpg"
            },
            {
                "recipe_step_content": "\uadf8\ub987\uc5d0 \uc8fd\uc744 \ub2f4\uace0 \uc7a3\uace0\uba85\uc744 \uc62c\ub9b0 \ud6c4\n\uc785\ub9db\uc5d0 \ub9de\uac8c \uc18c\uae08\uac04\uc744 \ud558\uc5ec \ub4dc\uc138\uc694",
                "recipe_step_img": "https://recipe1.ezmember.co.kr/cache/recipe/2016/11/02/d668b407a5fce75bdc94d2e4325a16691.jpg"
            }
        ],
        "recipe_material_list": [
            {
                "material_name": "\uc300",
                "material_opecity": "1\ucef5 "
            },
            {
                "material_name": "\uc7a3",
                "material_opecity": "1/2\ucef5 "
            },
            {
                "material_name": "\ubbf9\uc2a4\uacac\uacfc",
                "material_opecity": "1\ubd09 "
            },
            {
                "material_name": "\ubb3c",
                "material_opecity": "6\ucef5 "
            },
            {
                "material_name": "\uc18c\uae08",
                "material_opecity": "\uc57d\uac04 "
            }
        ]
    },
    {
        "_id": "660c9c3c9b7a9e791d4675da",
        "recipe_title": "\uc7a3\ubcf4\uad00\ubc95 \uc798~ \ubcf4\uad00\ud574\uc11c \uac74\uac15\ud558\uace0 \ub9db\uc788\uac8c!",
        "recipe_img_url": "https://recipe1.ezmember.co.kr/cache/recipe/2021/10/20/41355dc97b79d3bcc62a3e0eab1b0f6e1.jpg",
        "recipe_steps": [
            {
                "recipe_step_content": "\uc7a3\uc740 \uba39\uc744 \ub9cc\ud07c \uc18c\ubd84\ud574 \ub2f4\ub294\ub2e4.",
                "recipe_step_img": "https://recipe1.ezmember.co.kr/cache/recipe/2018/10/25/7143d77c665b43cd23a6ca8d4f20ccc81.png"
            },
            {
                "recipe_step_content": "\uc7a3\uc740 \ud558\ub8e8 20~30\uc54c \uc815\ub3c4 \uc12d\ucde8\ud574\uc8fc\uba74 \uc88b\uc544\uc694.\n\uc9c0\ubc29\uc9c8\uc774 \ub9ce\uace0 \uace0\uc5f4\ub7c9\uc774\ub77c \ub9ce\uc774 \uc12d\ucde8\ud558\uba74 \ubc30\ud0c8 \ub0a0 \uc218 \uc788\uc5b4\uc694.",
                "recipe_step_img": ""
            },
            {
                "recipe_step_content": "\ub0c9\ub3d9\uc2e4\uc5d0 \ubcf4\uad00\ud55c\ub2e4.\uc2e4\uc628\uc5d0 \ub450\uac70\ub098 \uacf5\uae30\uc640 \uc790\uc8fc \uc811\ucd09\ub418\uba74 \uca50\ub0b4\uac00 \ub098\uac70\ub098 \ubcc0\uc9c8\ub420 \uc218 \uc788\uc5b4\uc694.\n",
                "recipe_step_img": "https://recipe1.ezmember.co.kr/cache/recipe/2018/10/25/3dadf37c90c430e333d887d568f7397e1.png"
            },
            {
                "recipe_step_content": "\uc7a3\uc740 \uc2ec\uc7a5\uc9c8\ud658\uc608\ubc29, \ud0c8\ubaa8\uc608\ubc29, \ub178\ud654\ubc29\uc9c0, \ud53c\ubd80\ubbf8\uc6a9 \ub4f1\uc5d0 \ud6a8\uacfc\uac00 \uc88b\uc544\uc694.",
                "recipe_step_img": ""
            }
        ],
        "recipe_material_list": [
            {
                "material_name": "\uc7a3",
                "material_opecity": " "
            }
        ]
    },
    {
        "_id": "660c9c3c9b7a9e791d4675dc",
        "recipe_title": "\uc7a3\ucf69\uad6d\uc218",
        "recipe_img_url": "https://recipe1.ezmember.co.kr/cache/recipe/2015/06/03/9966106c705286652a56633baa3596c51.jpg",
        "recipe_steps": [
            {
                "recipe_step_content": "\uc7a3\uc740 \ub9c8\ub978\ud32c\uc5d0 \uc0b4\uc9dd \ubcf6\uc544\uc8fc\uc2dc\uace0 \ubbf9\uc11c\uae30\uc5d0 \ubcf6\uc740 \uc7a3\uc744 \ub123\uc5b4\uc8fc\uc138\uc694.",
                "recipe_step_img": "https://recipe1.ezmember.co.kr/cache/recipe/2015/06/03/4264fd22a6a3ae0486e1432a4b0b44a21.jpg"
            },
            {
                "recipe_step_content": "\uc7a3\uc744 \ub123\uc740 \ubbf9\uc11c\uae30\uc5d0 \uc6b0\uc720, \ub450\ubd80\ub97c \ub123\uace0 \uc18c\uae08\uc744 \uc0b4\uc9dd \ub123\uc5b4 \ud718\ub9ac\ub9ad \uac08\uc544\uc8fc\uc2dc\uba74 \ub05d!",
                "recipe_step_img": "https://recipe1.ezmember.co.kr/cache/recipe/2015/06/03/1e6e2e04a447da3156ea50fefff8732e1.jpg"
            },
            {
                "recipe_step_content": "\ub053\ub294\ubb3c\uc5d0 \uad6d\uc218\ub97c \ub123\uc5b4 \ub053\uc5b4\uc624\ub974\uba74 \ucc2c\ubb3c\uc744 3\ubc88 \uc815\ub3c4 \ub123\uc5b4 \ub053\uc740 \ud6c4\uc5d0 \ucc2c\ubb3c\ub85c \ud5f9\uad6c\uc5b4 \uc900\ube44\ud574\uc8fc\uc2e0 \ud6c4 \ubb3c\uae30\ub97c \uc81c\uac70\ud574 \uc900\ube44\ud574\uc8fc\uc138\uc694. (\uba74\uc744 \uc0b6\uc744\ub54c \ub053\uc5b4\uc624\ub974\uba74 \ucc2c\ubb3c\uc744 \ub123\uace0 \ub053\uc774\uace0 \ub610 \ub053\uc5b4\uc624\ub974\uba74 \ucc2c\ubb3c\ub123\uace0 \uc774 \uacfc\uc815\uc744 \ud574\uc8fc\uba74 \uc880\ub354 \ucac4\uae43\ud55c \uba74\uc744 \ub9db\ubcfc\uc218 \uc788\ub2f5\ub2c8\ub2e4.)",
                "recipe_step_img": "https://recipe1.ezmember.co.kr/cache/recipe/2015/06/03/7e6972f58bd8a7e0887de4451e0e7f291.jpg"
            },
            {
                "recipe_step_content": "\uadf8\ub987\uc5d0 \uad6d\uc218\ub97c \ub2f4\uace0 \uc7a3\ucf69\uad6d\ubb3c\uc744 \ubd80\uc740 \ud6c4\uc5d0 \uace0\uba85\uc73c\ub85c \uc624\uc774, \ub2ec\uac40, \uccb4\ub9ac\ub97c \uc62c\ub824\ubcf4\uc558\ub2f5\ub2c8\ub2e4.",
                "recipe_step_img": "https://recipe1.ezmember.co.kr/cache/recipe/2015/06/03/c58e934161944baf8a7ba8cdc9c982f91.jpg"
            }
        ],
        "recipe_material_list": [
            {
                "material_name": "\uc7a3",
                "material_opecity": "5\ud070\uc220 "
            },
            {
                "material_name": "\uc6b0\uc720",
                "material_opecity": "500ml "
            },
            {
                "material_name": "\ub450\ubd80",
                "material_opecity": "1/2\ubaa8 "
            },
            {
                "material_name": "\uc18c\uae08",
                "material_opecity": "\uc57d\uac04 "
            },
            {
                "material_name": "\uc624\uc774",
                "material_opecity": "\uc57d\uac04 "
            },
            {
                "material_name": "\uc0b6\uc740\ub2ec\uac40",
                "material_opecity": " "
            }
        ]
    },
    {
        "_id": "660c9c3c9b7a9e791d4675dd",
        "recipe_title": "\uace0\uc18c\ud55c~ \uc7a3 \ucf00\uc774\ud06c",
        "recipe_img_url": "https://recipe1.ezmember.co.kr/cache/recipe/2017/08/17/8646df3e2469994ca777bda0f42cf4001.jpg",
        "recipe_steps": [
            {
                "recipe_step_content": "\uacc4\ub780\uc5d0 \uc124\ud0d5\uacfc \uba54\uc774\ud50c \uc2dc\ub7fd, \uafc0\uc744 \ub123\uace0 \uc798 \uc11e\uc5b4\uc8fc\uc138\uc694. \uc124\ud0d5\uc774 \ub179\uc744\uc815\ub3c4\ub85c \uc11e\uc5b4\uc8fc\uc2dc\uba74 \ub429\ub2c8\ub2e4. \uc5ec\uae30\uc5d0 \uc694\uac70\ud2b8\ub97c \ub123\uace0 \uac70\ud488\uae30\ub85c \uc798 \uc11e\uc5b4\uc8fc\uc138\uc694. \uc800\ub294 \uba54\uc774\ud50c \uc2dc\ub7fd \ucc98\ub9ac\uacb8 \ub123\uc5c8\ub294\ub370\uc694~ \uba54\uc774\ud50c \uc2dc\ub7fd \ub300\uc2e0 \uc124\ud0d5\uc744 \ub3d9\ub7c9 \ub123\uc73c\uc2dc\uba74 \ub429\ub2c8\ub2e4.",
                "recipe_step_img": "https://recipe1.ezmember.co.kr/cache/recipe/2017/08/17/5c0f830a301f2bfb9a2428e47de0605c1.jpg"
            },
            {
                "recipe_step_content": "\ud3ec\ub3c4\uc528\uc720\ub97c \ub123\uace0 \uc798 \uc11e\uc740 \ud6c4, \ubc15\ub825\ubd84, \ubca0\uc774\ud0b9 \ud30c\uc6b0\ub354, \uc544\ubaac\ub4dc \uac00\ub8e8\ub97c \uccb4\uccd0 \ub123\uace0 \uac70\ud488\uae30\ub85c \uc798 \uc11e\uc5b4\uc8fc\uc138\uc694.",
                "recipe_step_img": "https://recipe1.ezmember.co.kr/cache/recipe/2017/08/17/2d91a74b7e8c5e3042c3ddddadb668371.jpg"
            },
            {
                "recipe_step_content": "20g \uc758 \uc7a3\uc744 \ubc18\uc8fd\uc5d0 \ub123\uace0 \uac70\ud488\uae30\ub85c \uac00\ubccd\uac8c \uc11e\uc5b4\uc8fc\uc138\uc694.",
                "recipe_step_img": "https://recipe1.ezmember.co.kr/cache/recipe/2017/08/17/f9fbb4b4894ae9a3749d6178fdb8d7561.jpg"
            },
            {
                "recipe_step_content": "\ud32c\uc5d0 \uc624\uc77c\uc774\ub098 \ubc84\ud130\ub97c \uaf3c\uaf3c\ud788 \ubc14\ub978 \ud6c4 \ub098\uba38\uc9c0 \uc7a3 10g \uc744 \ubc14\ub2e5\uc5d0 \uace8\uace0\ub8e8 \ubfcc\ub824\uc8fc\uc138\uc694. \uadf8\ub9ac\uace0 \ubc18\uc8fd\uc744 \ud2c0\uc758 60\ud504\ub85c \uc815\ub3c4\ub85c \ud32c\ub2dd\ud569\ub2c8\ub2e4. \ub808\uc2dc\ud53c\uc758 \uc591\uc744 \uc804\ubd80 \ud32c\ub2dd\ud574\ub3c4 \ub418\uc9c0\ub9cc \uc624\ube10\uc548\uc5d0\uc11c \ubd80\ud480\uba74\uc11c \uac00\uc6b4\ub370 \uad6c\uba4d\ubd80\ubd84\uc73c\ub85c \ubc18\uc8fd\uc774 \ubab0\ub9b4\uc218\ub3c4 \uc788\uc5b4\uc694~ \uba38\ud540\ud2c0 \ud55c\uac1c\uc5d0 \ud32c\ub2dd\ud558\uace0 \ub098\uba38\uc9c0\ub97c \ubbf8\ub2c8 \uad6c\uac94\ud2c0\uc5d0 \ud32c\ub2dd\ud558\uba74 \ub531 \ub9de\ub294 \uc591\uc785\ub2c8\ub2e4.",
                "recipe_step_img": "https://recipe1.ezmember.co.kr/cache/recipe/2017/08/17/f33e69e37c5c288a0f1f258f22f9a47b1.jpg"
            },
            {
                "recipe_step_content": "170~180\ub3c4\ub85c \uc608\uc5f4\ub41c \uc624\ube10\uc5d0\uc11c 30\ubd84 \ub0b4\uc678\ub85c \uad6c\uc6cc\uc8fc\uc138\uc694. \uaf2c\uce58\ub97c \ucc14\ub7ec \uae68\ub057\ud558\uba74 \uc644\uc131\uc785\ub2c8\ub2e4.\uc644\uc131\ub41c \ucf00\uc774\ud06c\ub294 \uc2dd\ud798\ub9dd\uc5d0\uc11c \uc2dd\ud78c \ud6c4, \ubc00\ud3d0\uc6a9\uae30\uc5d0 \ud558\ub8e8 \uc815\ub3c4 \ub450\uc5c8\ub2e4\uac00 \uba39\ub294\uac8c \uac00\uc7a5 \ub9db\uc788\uc2b5\ub2c8\ub2e4~ \uc644\uc131~!\uc624\ube10",
                "recipe_step_img": "https://recipe1.ezmember.co.kr/cache/recipe/2017/08/17/e45afc8bf2cf219dad6463224db55b531.jpg"
            }
        ],
        "recipe_material_list": [
            {
                "material_name": "\uba38\ud540",
                "material_opecity": "1\uac1c\ubd84 "
            },
            {
                "material_name": "\ub2ec\uac40",
                "material_opecity": "2\uac1c "
            },
            {
                "material_name": "\uc124\ud0d5",
                "material_opecity": "40g "
            },
            {
                "material_name": "\uba54\uc774\ud50c\uc2dc\ub7fd",
                "material_opecity": "45g "
            },
            {
                "material_name": "\uafc0",
                "material_opecity": "10g "
            },
            {
                "material_name": "\ud3ec\ub3c4\uc528\uc720",
                "material_opecity": "50g "
            },
            {
                "material_name": "\ubb34\uac00\ub2f9\uc694\uac70\ud2b8",
                "material_opecity": "50g "
            },
            {
                "material_name": "\uc544\ubaac\ub4dc\uac00\ub8e8",
                "material_opecity": "70g "
            },
            {
                "material_name": "\ubc15\ub825\ubd84",
                "material_opecity": "60g "
            },
            {
                "material_name": "\ubca0\uc774\ud0b9\ud30c\uc6b0\ub354",
                "material_opecity": "2/3ts "
            },
            {
                "material_name": "\uc7a3",
                "material_opecity": "30g "
            }
        ]
    },
    {
        "_id": "660c9c3c9b7a9e791d4675de",
        "recipe_title": "\uc7a3\uc8fd \ub9cc\ub4dc\ub294\ubc95 \uc7a3\uc8fd\ub053\uc774\ub294\ubc95 \uc7a3\uc8fd \ub808\uc2dc\ud53c \uc7a3\uc694\ub9ac \uace0\uc18c\ud55c\uc8fd \uc6b0\uc720 \uc601\uc591\uc8fd",
        "recipe_img_url": "https://recipe1.ezmember.co.kr/cache/recipe/2024/01/05/0b9057f53793d73dd4cdaf68cfd0693e1.jpg",
        "recipe_steps": [
            {
                "recipe_step_content": "\uc7a3 40g\uc744 \uc900\ube44\ud574 \ubbf9\uc11c\uae30\uc5d0 \ub123\uace0 \uac08\uc544\uc90d\ub2c8\ub2e4.\uc7a3 40g\ubbf9\uc11c\uae30",
                "recipe_step_img": "https://recipe1.ezmember.co.kr/cache/recipe/2024/01/05/2770d59cfc3ab645b9176434728b3eef1.jpg"
            },
            {
                "recipe_step_content": "\ubbf9\uc11c\uae30\uc5d0 \ubc25 1\uacf5\uae30\uc640 \ubb3c 400ml\ub97c \ub123\uace0 \uac08\uc544\uc90d\ub2c8\ub2e4.\ubc25 1\uacf5\uae30, \ubb3c 400ml\ubbf9\uc11c\uae30",
                "recipe_step_img": "https://recipe1.ezmember.co.kr/cache/recipe/2024/01/05/54790a6c77c62a226935d9489365473b1.jpg"
            },
            {
                "recipe_step_content": "\ub0c4\ube44\uc5d0 \uac04 \ubc25\uacfc \uc18c\uae08 1/3T \ub123\uace0 \uc800\uc5b4\uac00\uba70 \ub053\uc5ec\uc8fc\uc138\uc694.\uac04 \ubc25, \uc18c\uae08 1/3T\ub0c4\ube44 , \uc694\ub9ac\uc2a4\ud47c",
                "recipe_step_img": "https://recipe1.ezmember.co.kr/cache/recipe/2024/01/05/d482c9a986dad71f5870f1e9aaacd4e11.jpg"
            },
            {
                "recipe_step_content": "\ubcf4\uae00\ubcf4\uae00 \ub053\uc5b4 \uc624\ub974\uba74 \uc911\ubd88\ub85c \ubc14\uafbc \ub4a4, 1-2\ubd84\uac04 \ub053\uc5ec\uc90d\ub2c8\ub2e4.\uc911\ubd88",
                "recipe_step_img": "https://recipe1.ezmember.co.kr/cache/recipe/2024/01/05/2ff0c184f16566f276b5ec1de37dead81.jpg"
            },
            {
                "recipe_step_content": "2\ubd84 \ub4a4, \uc7a3\uc744 \ub123\uace0 2-3\ubd84\uac04 \ub354 \ub053\uc5ec\uc8fc\uc138\uc694. 3\ubd84 \ub4a4, \uc6b0\uc720 2T \ub123\uace0 1\ubd84\uac04 \uc800\uc5b4\uac00\uba70 \ub053\uc5ec\uc8fc\uc138\uc694.\uc7a3, \uc6b0\uc720 2T",
                "recipe_step_img": "https://recipe1.ezmember.co.kr/cache/recipe/2024/01/05/1452308c9d8b41ea94c21d109a749f8f1.jpg"
            },
            {
                "recipe_step_content": "\ub9db\uc788\uac8c \ub053\uc5ec\uc9c4 \uc8fd\uc744 \uadf8\ub987\uc5d0 \ub2f4\uace0, \uc7a3\uc73c\ub85c \uc7a5\uc2dd\ud574 \uc8fc\uba74!?\uad6d\uc790 , \uc644\uc131\uc811\uc2dc\uc7a5\uc2dd\uc740 \uc0dd\ub7b5 \uac00\ub2a5\ud569\ub2c8\ub2e4.\n",
                "recipe_step_img": "https://recipe1.ezmember.co.kr/cache/recipe/2024/01/05/e0bf9eced4b0303258effb22714adda51.jpg"
            }
        ],
        "recipe_material_list": [
            {
                "material_name": "\uc7a3",
                "material_opecity": "40g "
            },
            {
                "material_name": "\ubb3c",
                "material_opecity": "400ml "
            },
            {
                "material_name": "\ubc25",
                "material_opecity": "1\uacf5\uae30 "
            },
            {
                "material_name": "\uc18c\uae08",
                "material_opecity": "1/3T "
            },
            {
                "material_name": "\uc6b0\uc720",
                "material_opecity": "2T "
            }
        ]
    },
    {
        "_id": "660c9c3c9b7a9e791d4675df",
        "recipe_title": "\ud604\ubbf8 \uc7a3\uc8fd",
        "recipe_img_url": "https://recipe1.ezmember.co.kr/cache/recipe/2015/06/17/0975a5595d82463c3fe99dbb407e2280.jpg",
        "recipe_steps": [
            {
                "recipe_step_content": "\ubd88\ub9b0 \ud604\ubbf8\uc640 \ubb3c \ud55c\ucef5\uc744 \ub123\uace0 \uac08\uc544\uc8fc\uace0 \uc7a3\uc740 \uc7a0\uae50 \ubb3c\uc5d0 \ub2f4\uad9c\ub2e4\uac00 \ubb3c \ud55c\ucef5\uc744 \ub123\uace0 \uac08\uc544\uc90d\ub2c8\ub2e4.",
                "recipe_step_img": "https://recipe1.ezmember.co.kr/cache/recipe/2015/06/17/57e2743dcdf7e5a7e321d3892ee3493a1.jpg"
            },
            {
                "recipe_step_content": "\uc774\uc81c \ub0c4\ube44\uc5d0 \ud604\ubbf8\uc300 \uac08\uc740 \uac83\uacfc \ubb3c 3\ucef5\uc744 \ub123\uace0 \ub053\uc5ec\uc90d\ub2c8\ub2e4.",
                "recipe_step_img": "https://recipe1.ezmember.co.kr/cache/recipe/2015/06/17/b7c9092de01d2552713b6299cc84c90f1.jpg"
            },
            {
                "recipe_step_content": "\ubd88\ub9b0\uc300\uc774 \ub053\uae30 \uc2dc\uc791\ud558\uba74 \uc798 \uc800\uc5b4\uac00\uba74\uc11c \uacc4\uc18d \ub053\uc5ec\uc8fc\uc138\uc694. \uadf8\ub7fc \uc5b4\ub290\uc21c\uac04 \uc21f\uac00\ub77d\uc73c\ub85c \ub290\uaef4\uc9c0\ub294 \ubb35\uc9c1\ud568\uc774 \uc788\uc5b4\uc694. \uc774\ub54c \uac08\uc544\ub193\uc740 \uc7a3\uc744 \ub123\uc5b4\uc8fc\uc138\uc694. \uba39\uc744\ub54c \uc18c\uae08\uac04\uc744 \ub9de\ucdb0 \uba39\uc2b5\ub2c8\ub2e4.",
                "recipe_step_img": "https://recipe1.ezmember.co.kr/cache/recipe/2015/06/17/002536ffc60bb7c55fbcd818a936699a1.jpg"
            }
        ],
        "recipe_material_list": [
            {
                "material_name": "\ubd88\ub9b0\ud604\ubbf8\ub610\ub294\ubc31\ubbf8",
                "material_opecity": "1/2\ucef5 "
            },
            {
                "material_name": "\uc7a3",
                "material_opecity": "50g "
            },
            {
                "material_name": "\ubb3c",
                "material_opecity": "5~6\ucef5 "
            },
            {
                "material_name": "\uc18c\uae08",
                "material_opecity": " "
            }
        ]
    },
    {
        "_id": "660c9c3c9b7a9e791d4675e0",
        "recipe_title": "(\uac00\uc815\uac04\ud3b8\uc2dd) \ucac4\uae43\ucac4\uae43\ud55c \uc2dd\uac10\uc774 \uc88b\uc740 \uc804\ubcf5 \uac00\uc9c0\uad6c\uc774 \uc2a4\ud14c\uc774\ud06c",
        "recipe_img_url": "https://recipe1.ezmember.co.kr/cache/recipe/2019/05/31/b79b14c8501573c3724cd7131a58488a1.jpg",
        "recipe_steps": [
            {
                "recipe_step_content": "\uc7ac\ub8cc \uc900\ube44 \ud574 \uc8fc\uc138\uc694",
                "recipe_step_img": "https://recipe1.ezmember.co.kr/cache/recipe/2019/05/31/67345cfade242565fd1cb1c5a161e7e51.jpg"
            },
            {
                "recipe_step_content": "\uac00\uc9c0\ub294 0.5 \uc815\ub3c4 \ub450\uaed8\ub85c\n\uc5b4\uc2b7 \uc370\uc5b4 \uc8fc\uc138\uc694",
                "recipe_step_img": "https://recipe1.ezmember.co.kr/cache/recipe/2019/05/31/e5348e0eb9d0b098fd6034e7f4dbd8d81.jpg"
            },
            {
                "recipe_step_content": "\ud32c\uc774 \uc57d\uac04 \ub2ec\uad6c\uc5b4 \uc84c\uc73c\uba74\n\uac00\uc9c0\ub97c \uc62c\ub824 \uc8fc\uace0 ~\n\uc740\uadfc\ud55c \uc57d\ubd88\ub85c \uc904\uc5ec \uc8fc\uc138\uc694",
                "recipe_step_img": "https://recipe1.ezmember.co.kr/cache/recipe/2019/05/31/5c600a453f6f5e03ef39a555c7b9ae281.jpg"
            },
            {
                "recipe_step_content": "\uc55e\ub4a4\ub85c \uad6c\uc6cc \uc8fc\uc138\uc694\n(\ud0c0\uc9c0 \uc54a\uac8c \uc740\uadfc\ud55c \uc57d\ubd88\uc785\ub2c8\ub2e4)",
                "recipe_step_img": "https://recipe1.ezmember.co.kr/cache/recipe/2019/05/31/7cbab8bd5aa423875a3e3aff054c5a0a1.jpg"
            },
            {
                "recipe_step_content": "\ub178\ub987\ub178\ub987 \uad6c\uc6cc \uc84c\uc73c\uba74 ~",
                "recipe_step_img": "https://recipe1.ezmember.co.kr/cache/recipe/2019/05/31/3eb0c088d9b799e3b3092126327c20491.jpg"
            },
            {
                "recipe_step_content": "\uc811\uc2dc\uc5d0 \ub2f4\uc544 \uc8fc\uace0 ~",
                "recipe_step_img": "https://recipe1.ezmember.co.kr/cache/recipe/2019/05/31/eefda1783746c3ce02b907d4385c29dd1.jpg"
            },
            {
                "recipe_step_content": "\uc591\ud30c\ub294 \ucc44 \uc370\uace0\n\ub9c8\ub298\uc740 \uc2ac\ub77c\uc774\uc2a4 \uc370\uc5b4 \uc8fc\uace0\n\uc804\ubcf5\uc740 \uae68\ub057\uc774 \uc190\uc9c8\ud558\uc5ec\n\ubc8c\uc9d1\ubaa8\uc591\uc73c\ub85c \uce7c\uc9d1\uc744 \ub0b4 \uc8fc\uc138\uc694\uc804\ubcf5 \uc190\uc9c8\ubc95 \ub808\uc2dc\ud53c",
                "recipe_step_img": "https://recipe1.ezmember.co.kr/cache/recipe/2019/05/31/eac2068889212d678ecf703036dfc17b1.jpg"
            },
            {
                "recipe_step_content": "\uad81\uc911\ud32c\uc5d0 \n\uc62c\ub9ac\ube0c\uc624\uc77c \ub123\uace0 ~",
                "recipe_step_img": "https://recipe1.ezmember.co.kr/cache/recipe/2019/05/31/0af697114f8073d80030fc1e82223e591.jpg"
            },
            {
                "recipe_step_content": "\uc591\ud30c\ub97c \ub123\uc5b4 \ubcf6\uc544 \uc8fc\uc138\uc694",
                "recipe_step_img": "https://recipe1.ezmember.co.kr/cache/recipe/2019/05/31/f302ec4c403570de6c7b4f9a45605d1d1.jpg"
            },
            {
                "recipe_step_content": "\uc591\ud30c\uac00 \ud22c\uba85\ud558\uac8c \ubcf6\uc544 \uc84c\uc73c\uba74\n\uac00\uc9c0\ub97c \ub123\uc5b4 \ud718\ub9ac\ub9ad\n\ubcf6\uc544 \uc8fc\uace0 \ubd88\uc744 \ub044\uc138\uc694\n\uc811\uc2dc\uc5d0 \ub2f4\uc544 \ub193\uace0 ~",
                "recipe_step_img": "https://recipe1.ezmember.co.kr/cache/recipe/2019/05/31/4edb47899ad18fdf204b2ac8081ba6151.jpg"
            },
            {
                "recipe_step_content": "\ud32c\uc5d0 \ubc84\ud130\ub97c \ub123\uace0\n\ub179\uc73c\uba74 \uc2ac\ub77c\uc774\uc2a4 \uc370\uc740\n\ub9c8\ub298\uc744 \uc0b4\uc9dd \ubcf6\uc544 \uc8fc\uace0 ~",
                "recipe_step_img": "https://recipe1.ezmember.co.kr/cache/recipe/2019/05/31/24075b5294dcc4945f4659f641ac7a121.jpg"
            },
            {
                "recipe_step_content": "\uc740\uadfc\ud55c \ubd88\uc5d0 \n\uce7c\uc9d1 \ub0b8 \uc804\ubcf5\uc744 \ubc11\uc73c\ub85c \ud558\uc5ec\n\ud32c\uc5d0 \uc62c\ub824 \uc8fc\uc138\uc694\n(\ub9c8\ub298\ud5a5\uc774 \uc804\ubcf5\uc5d0\n\ubca0\uc5b4\uc11c \ub9db\uc788\uc5b4\uc694)",
                "recipe_step_img": "https://recipe1.ezmember.co.kr/cache/recipe/2019/05/31/5fe12e63877053c13b4aa1f5ac19334a1.jpg"
            },
            {
                "recipe_step_content": "\uc740\uadfc\ud55c \ubd88\uc5d0 \uc804\ubcf5\uc774 \n\ub178\ub987\ub178\ub987 \ud558\uac8c \n\uc775\uc5c8\uc73c\uba74 \ub4a4\uc9d1\uc5b4\uc11c \n\uc775\ud600 \uc8fc\uace0 ~\n(\ub9c8\ub298\ub3c4 \uc55e\ub4a4\ub85c \n\ub178\ub987\ub178\ub987\ud558\uac8c ~)",
                "recipe_step_img": "https://recipe1.ezmember.co.kr/cache/recipe/2019/05/31/33680e7b5dc69b5f2d5f82692eea899a1.jpg"
            },
            {
                "recipe_step_content": "\ud32c\uadf8\ub987\uc5d0 \uac00\uc9c0\uc640\uc591\ud30c \n\ub9c8\ub298\uc744 \uc62c\ub824 \uc8fc\uace0 ~",
                "recipe_step_img": "https://recipe1.ezmember.co.kr/cache/recipe/2019/05/31/776c8c8efdad2e8d3857109b87fa6bea1.jpg"
            },
            {
                "recipe_step_content": "\uc804\ubcf5\uad6c\uc6b4\uac83\ub3c4 \uc62c\ub824 \uc8fc\uace0 ~",
                "recipe_step_img": "https://recipe1.ezmember.co.kr/cache/recipe/2019/05/31/7a224041a0d16dd6017db019a633239c1.jpg"
            },
            {
                "recipe_step_content": "\uc7a5\uc2dd\uc73c\ub85c \ubca0\ub780\ub2e4\uc5d0\uc11c\n\uc798 \uc790\ub77c\uace0 \uc788\ub294\n\ud5c8\ube0c \uc78e\uc744 \uc62c\ub824 \uc8fc\uc5c8\uc5b4\uc694\n\uc548 \uc62c\ub9ac\uc154\ub3c4 \ub429\ub2c8\ub2e4 \n\uce7c\ub85c \uc798\ub77c\uc11c \ub4dc\uc2dc\uba74\n\uba39\uae30 \uc88b\uc544\uc694\n\ub2ec\ud070\ud558\uace0 \ucac4\uae43\ucac4\uae43\ud55c\uac8c\n\ub9db\uc788\uc5b4\uc694",
                "recipe_step_img": "https://recipe1.ezmember.co.kr/cache/recipe/2019/05/31/d6aea03ef808e7d63e02c24d2df4b02b1.jpg"
            }
        ],
        "recipe_material_list": [
            {
                "material_name": "\uc804\ubcf5",
                "material_opecity": "2\ub9c8\ub9ac "
            },
            {
                "material_name": "\uac00\uc9c0",
                "material_opecity": "1/2\ucabd "
            },
            {
                "material_name": "\ub9c8\ub298",
                "material_opecity": "2\ud1a8 "
            },
            {
                "material_name": "\uc591\ud30c",
                "material_opecity": "1/4\ucabd "
            },
            {
                "material_name": "\uc62c\ub9ac\ube0c\uc624\uc77c",
                "material_opecity": "1t "
            },
            {
                "material_name": "\ubc84\ud130",
                "material_opecity": "1t "
            }
        ]
    }
]