[
    {
        "_id": "660ca3d79b7a9e791d46787c",
        "recipe_title": "\uc785\ub9db \ub098\ub294 \ubc45\uc5b4\ud3ec\uc870\ub9bc",
        "recipe_img_url": "https://recipe1.ezmember.co.kr/cache/recipe/2015/09/04/b778ef2c074a624fb847b9eac2e7908b1.jpg",
        "recipe_steps": [
            {
                "recipe_step_content": "\uc591\ub150\uc740 \ubaa8\ub450 \uc11e\uc5b4 \ub193\uace0\n\ubc45\uc5b4\ud3ec\ub294 \ud55c \uc785 \ud06c\uae30\ub85c \uc798\ub77c \uc8fc\uc138\uc694",
                "recipe_step_img": "https://recipe1.ezmember.co.kr/cache/recipe/2015/09/04/fe0b755063ba22c1b8800cae3126adf61.jpg"
            },
            {
                "recipe_step_content": "\ub2ec\uad70 \ud32c\uc5d0 \uc2dd\uc6a9\uc720\ub97c \ub450\ub8e8\uace0 \uc57d\ubd88\uc5d0\uc11c\n\ub4a4\uc801\uc774\uba70 \ubc45\uc5b4\ud3ec\ub97c \ubcf6\uc544\uc8fc\uc138\uc694",
                "recipe_step_img": "https://recipe1.ezmember.co.kr/cache/recipe/2015/09/04/e6b5fcd5d461a7a56a98fb99210c08d21.jpg"
            },
            {
                "recipe_step_content": "\ub178\ub987\ud558\uac8c \ubcf6\uc544\uc9c4 \ubc45\uc5b4\ud3ec\ub97c \uc2dd\ud600 \uc8fc\uc138\uc694",
                "recipe_step_img": "https://recipe1.ezmember.co.kr/cache/recipe/2015/09/04/bb1983afbad7c58651d64ee81e19d6791.jpg"
            },
            {
                "recipe_step_content": "\ub9cc\ub4e4\uc5b4 \ub193\uc740 \uc591\ub150\uc744 \ubc14\uae00\ubc14\uae00 \ub053\uc5ec \uc8fc\uc138\uc694",
                "recipe_step_img": "https://recipe1.ezmember.co.kr/cache/recipe/2015/09/04/d5232dad2520818c5e729f7132b2dac51.jpg"
            },
            {
                "recipe_step_content": "\ub053\uace0 \uc788\ub294 \uc591\ub150\uc5d0 \ubc45\uc5b4\ud3ec\ub97c \ub123\uace0 \uc2ac\uca4d\n\ubb34\uce58 \ub4ef \uc870\ub824 \uc8fc\uc2dc\uace0 \ucc38\uae30\ub984 \ub450\ub8e8\uace0 \n\ud1b5\uae68 \ubfcc\ub9ac\uba74 \uc644\uc131\uc785\ub2c8\ub2e4",
                "recipe_step_img": "https://recipe1.ezmember.co.kr/cache/recipe/2015/09/04/c7cef7d63837143c02a0f58c2b5c69011.jpg"
            }
        ],
        "recipe_material_list": [
            {
                "material_name": "\ubc45\uc5b4\ud3ec",
                "material_opecity": "5\uc7a5 "
            },
            {
                "material_name": "\ucc38\uae30\ub984",
                "material_opecity": "1\ud070\uc220 "
            },
            {
                "material_name": "\ud1b5\uae68",
                "material_opecity": "1\ud070\uc220 "
            },
            {
                "material_name": "\uc2dd\uc6a9\uc720",
                "material_opecity": "2\ud070\uc220 "
            },
            {
                "material_name": "\uc9c4\uac04\uc7a5",
                "material_opecity": "2\ud070\uc220 "
            },
            {
                "material_name": "\uace0\ucd94\uc7a5",
                "material_opecity": "2\ud070\uc220 "
            },
            {
                "material_name": "\ub9c8\ub298",
                "material_opecity": "1\ud070\uc220 "
            },
            {
                "material_name": "\ub9db\uc220",
                "material_opecity": "3\ud070\uc220 "
            },
            {
                "material_name": "\uc124\ud0d5",
                "material_opecity": "1\ud070\uc220 "
            },
            {
                "material_name": "\uc62c\ub9ac\uace0\ub2f9",
                "material_opecity": "2\ud070\uc220 "
            }
        ]
    },
    {
        "_id": "660ca3d79b7a9e791d46787d",
        "recipe_title": "\ubc45\uc5b4\ud3ec\ubcf6\uc74c",
        "recipe_img_url": "https://recipe1.ezmember.co.kr/cache/recipe/2016/04/06/cbe2e69bcfd9452afe604b32e32df9201.jpg",
        "recipe_steps": [
            {
                "recipe_step_content": "\ub9c8\uad6c \uc798\ub77c\ub193\uc740 \ubc45\uc5b4\ud3ec\uc5d0\uc694.\n\u00a0\n\ubcf4\ud1b5 \ud310\ub9e4\ud558\ub294 a4 \ubcf4\ub2e4 \uc57d\uac04 \uc791\uc740 \uc0ac\uc774\uc988\uc758 \ubc45\uc5b4\ud3ec \ub450\uc7a5 \ubd84\ub7c9\n\u00a0\n\ubc45\uc5b4\ud3ec\ub294 \ub298~\uc62c\uac00\uc5d0\uc11c \uad6c\uc785\ud558\uace0 \uc788\uc5b4\uc694.\n\u00a0\n\ubcc4\uc774\uac00 \uba39\uae30 \uc27d\ub3c4\ub85d \uc804 \uc798\uac8c \uc798\ub77c\uc694~\n\u00a0\n\ubc45\uc5b4\ud3ec \uc798\ub77c\ub193\uace0\n\u00a0\n\ubbf8\ub9ac \uc591\ub150\uc7a5\uc744 \uc11e\uc5b4 \ub193\uc744\uac74\ub370\uc694.\n\u00a0\n\uc591\ub150\uc7a5\uc774\ub784 \uac83\ub3c4 \uc5c6\uc9c0\ub9cc~\n\u00a0\n\uc7ac\ube68\ub9ac \ubcf6\uc544\uc57c\ud574\uc11c\n\u00a0\n\uaf2d! \ubbf8\ub9ac \uc11e\uc5b4\ub46c\uc57c\ud574\uc694.\n\u00a0\n\uac04\uc7a5 1/3\ud070\uc220, \ubb3c \ud55c\ud070\uc220, \ub9db\uc220 \ud55c\ud070\uc220, \uc62c\ub9ac\uace0\ub2f9 \ud55c\ud070\uc220(\uc544\uac00\ubca0\uc2dc\ub7fd \ub123\uc73c\uc154\ub3c4 \ub418\uace0~\ud55c\ud070\uc220 \ub123\uc73c\uba74 \uc880 \ub2ec\ub2ec\ud574\uc694~), \ud1b5\uae68\n\uc11e\uc5b4\uc11c \uc900\ube44\ud574\ub450\uc5b4\uc694.",
                "recipe_step_img": "https://recipe1.ezmember.co.kr/cache/recipe/2016/04/06/beb80cdb8b5d614a084bb1e06f7b3b0c1.jpg"
            },
            {
                "recipe_step_content": "\uc608\uc5f4\ud55c \ud32c\uc5d0 \uae30\ub984\uc744 \uc0b4\uc9dd \ub450\ub974\uace0~\n\ubc45\uc5b4\ud3ec\ub97c \uc0b4\uc9dd \ubcf6\uc544\uc694.\n\uae08\ubc29 \uc775\uace0 \uae08\ubc29 \ud0c0\ub2c8\uae4c \uc13c\ubd88 \ud558\uc2dc\uba74 \uc548\ub418\uad6c\uc694~\uc57d\ud55c\ubd88\ub85c \uc0b4\uc0b4.\n",
                "recipe_step_img": "https://recipe1.ezmember.co.kr/cache/recipe/2016/04/06/48bf0c72524ef6dc7d976a73931860161.jpg"
            },
            {
                "recipe_step_content": "\uc13c\ubd88\ub85c \uc62c\ub9ac\uace0~\n\u00a0\n\ubbf8\ub9ac \uc11e\uc5b4\ub454 \uc591\ub150\uc7a5\uc744 \ubd93\uace0 \uc7ac\ube68\ub9ac \uc11e\uc5b4\uc694.\n\u00a0\n\uc9c0\uae00\uc9c0\uae00 \ud558\uba74\uc11c \uc21c\uc2dd\uac04\uc5d0 \ucf54\ud305\uc774 \ub418\uac70\ub4e0\uc694~\n\u00a0\n\uc694\ub54c \ubd88\uc774 \ub118 \uc57d\ud558\uba74 \uc9c8\ucc99......\n\u00a0\n\uac04\uc7a5 \uc591\uc774 \uc6cc\ub099 \uc801\uc5b4\uc11c \ub530\ub85c \ubd80\uc73c\uba74 \uac04\uc774 \ud55c\ucabd\uc73c\ub85c \ubab0\ub9ac\uae30\ub3c4 \ud558\uace0 \ud0c0\uae30\ub3c4 \ud558\uace0\n\u00a0\n\uaf2d \uc11e\uc5b4\uc11c \ubd80\uc5b4\uc8fc\uc138\uc694~\n\u00a0\n\u00a0",
                "recipe_step_img": "https://recipe1.ezmember.co.kr/cache/recipe/2016/04/06/45a21e52a5de4777746a0af75fe173101.jpg"
            },
            {
                "recipe_step_content": "\uae08\uc0c8 \uc774\ub807\uac8c \uc644\uc131~\n\uc724\uae30 \ubc18\uc9dd\ubc18\uc9dd\n\ub9ce\uc774 \ub531\ub531\ud558\uc9c0\ub3c4 \uc9c8\ucc99\ud558\uc9c0\ub3c4 \uc54a\uc740 \ubc45\uc5b4\ud3ec \ubcf6\uc74c\uc774\uc5d0\uc694.",
                "recipe_step_img": "https://recipe1.ezmember.co.kr/cache/recipe/2016/04/06/e670a88e6e0e9e0d950cc304eae130901.jpg"
            }
        ],
        "recipe_material_list": [
            {
                "material_name": "\ubc45\uc5b4\ud3ec",
                "material_opecity": "2\uc7a5 "
            },
            {
                "material_name": "\uac04\uc7a5",
                "material_opecity": "2/3T "
            },
            {
                "material_name": "\ub9db\uc220",
                "material_opecity": "1T "
            },
            {
                "material_name": "\ubb3c",
                "material_opecity": "1T "
            },
            {
                "material_name": "\uc62c\ub9ac\uace0\ub2f9",
                "material_opecity": "1T "
            },
            {
                "material_name": "\ud1b5\uae68",
                "material_opecity": "\uc57d\uac04 "
            }
        ]
    },
    {
        "_id": "660ca3d79b7a9e791d46787e",
        "recipe_title": "\ubc45\uc5b4\ud3ec\uad6c\uc774, \ubc11\ubc18\ucc2c, \ubc45\uc5b4\ud3ec\uc591\ub150\uad6c\uc774",
        "recipe_img_url": "https://recipe1.ezmember.co.kr/cache/recipe/2018/12/27/811ffc531e0a301abaea8ddd2d78ca161.jpg",
        "recipe_steps": [
            {
                "recipe_step_content": "\ubd84\ub7c9\uc758 \uc591\ub150\uc7a5\uc744\n\ub9cc\ub4ed\ub2c8\ub2e4.\n\uc7ac\ub8cc\uc911 \uc62c\ub9ac\uace0\ub2f9 \ub300\uc2e0 \n\ubb3c\uc5ff \ub300\uccb4 \uac00\ub2a5\ud569\ub2c8\ub2e4.",
                "recipe_step_img": "https://recipe1.ezmember.co.kr/cache/recipe/2018/12/27/517dd1f5738b418a6fe0d947f9f831d61.jpg"
            },
            {
                "recipe_step_content": "\ubc45\uc5b4\ud3ec\ub97c \ub450\uc7a5\uc529\n\uc7a1\uc544\uc11c \uc55e\ub4a4\ub85c\n\uaf3c\uaf3c\ud558\uac8c\n\uc798 \ubc1c\ub77c\uc90d\ub2c8\ub2e4.\n\uad7d\uae30\uc804 10\ubd84\uac04 \ub461\ub2c8\ub2e4.",
                "recipe_step_img": "https://recipe1.ezmember.co.kr/cache/recipe/2018/12/27/f979f1a6670f88c81289f1f6c15fcbb31.jpg"
            },
            {
                "recipe_step_content": "\ud32c\uc5d0 \uc2dd\uc6a9\uc720\ub97c \n\ucc98\uc74c\uc5d0\ub9cc \ud55c \ubc88 \uc870\uae08\n\ub450\ub978 \ud6c4 \uc911\uc57d\ubd88\uc5d0\uc11c\n\ub4a4\uc9d1\uc5b4\uac00\uba70 \uc798 \uad7d\uc2b5\ub2c8\ub2e4.\uc911\uc57d\ubd88",
                "recipe_step_img": "https://recipe1.ezmember.co.kr/cache/recipe/2018/12/27/7d202c5b7edbe46cae1b1e425fca17a81.jpg"
            },
            {
                "recipe_step_content": "\uac00\uc704\ub85c \uba39\uae30\uc88b\uc740 \n\ud06c\uae30\ub85c \uc798\ub77c \n\uc811\uc2dc\uc5d0 \ub2f4\uc544\ub0c5\ub2c8\ub2e4. \n\uc644\uc131!!\n\ub9db\uc788\uac8c \ub4dc\uc138\uc694^^",
                "recipe_step_img": "https://recipe1.ezmember.co.kr/cache/recipe/2018/12/27/49834575b59c5eec166b0227bf337d3a1.jpg"
            }
        ],
        "recipe_material_list": [
            {
                "material_name": "\ubc45\uc5b4\ud3ec",
                "material_opecity": "100g "
            },
            {
                "material_name": "\uc2dd\uc6a9\uc720",
                "material_opecity": "\uc801\ub2f9\ub7c9 "
            },
            {
                "material_name": "\uace0\ucd94\uc7a5",
                "material_opecity": "3\ud070\uc220 "
            },
            {
                "material_name": "\uac04\uc7a5",
                "material_opecity": "3\ud070\uc220 "
            },
            {
                "material_name": "\ucc38\uae30\ub984",
                "material_opecity": "3\ud070\uc220 "
            },
            {
                "material_name": "\uc124\ud0d5",
                "material_opecity": "2\ud070\uc220 "
            },
            {
                "material_name": "\uc62c\ub9ac\uace0\ub2f9(\ubb3c\uc5ff)",
                "material_opecity": "2\ud070\uc220 "
            },
            {
                "material_name": "\ub2e4\uc9c4\ud30c",
                "material_opecity": "2\ud070\uc220 "
            },
            {
                "material_name": "\ub2e4\uc9c4\ub9c8\ub298",
                "material_opecity": "1+1/2\ud070\uc220 "
            },
            {
                "material_name": "\ud1b5\uae68",
                "material_opecity": "1\ud070\uc220 "
            }
        ]
    },
    {
        "_id": "660ca3d79b7a9e791d46787f",
        "recipe_title": "(\uac00\uc815\uac04\ud3b8\uc2dd) \uac00\uc790\ubbf8 \ud1a0\ub9c8\ud1a0 \uc18c\uc2a4 \uc870\ub9bc",
        "recipe_img_url": "https://recipe1.ezmember.co.kr/cache/recipe/2019/05/28/805af863c671e978172da4c37d3aa70e1.jpg",
        "recipe_steps": [
            {
                "recipe_step_content": "\uad6d\ub0b4\uc0b0 \uac00\uc790\ubbf8\ub97c \uc900\ube44 \ud574\uc8fc\uc138\uc694.",
                "recipe_step_img": "https://recipe1.ezmember.co.kr/cache/recipe/2019/05/28/af099ca7edfe1b885342931f2c7a8b981.jpg"
            },
            {
                "recipe_step_content": "\ub2e4\ub978 \uc7ac\ub8cc\ub3c4 \uc900\ube44\ud574\uc8fc\uc138\uc694",
                "recipe_step_img": "https://recipe1.ezmember.co.kr/cache/recipe/2019/05/28/0393774c59ee8b572a642ce78ec077791.jpg"
            },
            {
                "recipe_step_content": "*\uac00\uc790\ubbf8\ub294 \ubb3c\uae30\ub97c \ub2e6\uace0, \uce7c\uc9d1\uc744 \ub123\uc5b4\uc8fc\uc138\uc694. *\ub9db\uc220,\uace0\uc6b4\uc18c\uae08,\ud6c4\ucd94\uc744 \uace0\ub8e8 \ubfcc\ub824\uc8fc\uc138\uc694.",
                "recipe_step_img": "https://recipe1.ezmember.co.kr/cache/recipe/2019/05/28/f8ad7598b51da1d64718e34c7687c0ff1.jpg"
            },
            {
                "recipe_step_content": "\ud1a0\ub9c8\ud1a0\uc5d0 \uc2ed\uc790\ub85c \uce7c\uc9d1\uc744 \ub123\uace0 \ub053\uc740\ubb3c\uc744 \ubd80\uc5b4\uc900\ud6c4\uc5d0 \uaecd\uc9c8\uc744 \ubc97\uaca8\uc8fc\uc138\uc694.",
                "recipe_step_img": "https://recipe1.ezmember.co.kr/cache/recipe/2019/05/28/e4303d1dc6b2fa9a429528d20bc131191.jpg"
            },
            {
                "recipe_step_content": "\uc591\ud30c,\ub9c8\ub298,\ud1a0\ub9c8\ud1a0\ub97c \ub2e4\uc838 \uc8fc\uc138\uc694.",
                "recipe_step_img": "https://recipe1.ezmember.co.kr/cache/recipe/2019/05/28/93057479ca5d111ebb61c05a7758ed311.jpg"
            },
            {
                "recipe_step_content": "\ud32c\uc5d0 \ubc84\ud130 1\ud070\uc220\uc744 \ub179\uc778\ud6c4 \uc591\ud30c,\ub9c8\ub298\uc744 \ub123\uace0 \ubcf6\uc544 \uc8fc\uc138\uc694.",
                "recipe_step_img": "https://recipe1.ezmember.co.kr/cache/recipe/2019/05/28/ac3c737b49157623ba7c297cf677f93f1.jpg"
            },
            {
                "recipe_step_content": "\ud1a0\ub9c8\ud1a0\ub97c \ub123\uace0 \ubcf6\uc544 \uc8fc\uc138\uc694.",
                "recipe_step_img": "https://recipe1.ezmember.co.kr/cache/recipe/2019/05/28/628ec723c70fc572749f8fb27981c0a21.jpg"
            },
            {
                "recipe_step_content": "\ubb3c 1/4\ucef5\uc744 \ub123\uace0,\uad74\uc18c\uc2a4 1\uc791\uc740\uc220\uc744 \ub123\uace0 \uc870\ub824 \uc8fc\uc138\uc694.",
                "recipe_step_img": "https://recipe1.ezmember.co.kr/cache/recipe/2019/05/28/7e3f4c508cb980e854b72e89fb6c8bda1.jpg"
            },
            {
                "recipe_step_content": "\uac00\uc790\ubbf8\uc5d0 \ud280\uae40\uac00\ub8e8\uc744 \uace0\ub8e8 \uc785\ud600\uc8fc\uc138\uc694.",
                "recipe_step_img": "https://recipe1.ezmember.co.kr/cache/recipe/2019/05/28/b13d4d890c510d94372b3dfb2dd95b3b1.jpg"
            },
            {
                "recipe_step_content": "\ub2ec\uad70 \ud32c\uc5d0 \uc62c\ub9ac\ube0c\uc720\ub97c \ub109\ub109\ud788 \ub450\ub974\uace0 \uac00\uc790\ubbf8\ub97c \ub123\uace0 \ud280\uae30\ub4ef \uc55e\ub4a4\ub85c \ub178\ub987\ud558\uac8c \uad6c\uc6cc\uc8fc\uc138\uc694.",
                "recipe_step_img": "https://recipe1.ezmember.co.kr/cache/recipe/2019/05/28/4172917c99a1daa49835260f62c1c06e1.jpg"
            },
            {
                "recipe_step_content": "\uc591\ub150\uc774 \uc878\uc544\ub4e4\uba74",
                "recipe_step_img": "https://recipe1.ezmember.co.kr/cache/recipe/2019/05/28/dfa63070f35ed8587b46f26fc0dd04211.jpg"
            },
            {
                "recipe_step_content": "\uc644\uc131\uadf8\ub987\uc5d0 \uac00\uc790\ubbf8\ub97c \ub2f4\uace0 \uadf8\uc704\uc5d0 \uc591\ub150\uc744 \uc62c\ub824\uc8fc\uc138\uc694.",
                "recipe_step_img": "https://recipe1.ezmember.co.kr/cache/recipe/2019/05/28/9c5df30da01367325c6c7387e1b8365a1.jpg"
            }
        ],
        "recipe_material_list": [
            {
                "material_name": "\uac00\uc790\ubbf8",
                "material_opecity": "1\ub9c8\ub9ac "
            },
            {
                "material_name": "\ud1a0\ub9c8\ud1a0",
                "material_opecity": "1\uac1c "
            },
            {
                "material_name": "\ub9c8\ub298",
                "material_opecity": "3\uac1c "
            },
            {
                "material_name": "\uc591\ud30c",
                "material_opecity": "1/4\uac1c "
            },
            {
                "material_name": "\ubc84\ud130",
                "material_opecity": "1\ud070\uc220 "
            },
            {
                "material_name": "\ud280\uae40\uac00\ub8e8",
                "material_opecity": "2\ud070\uc220 "
            },
            {
                "material_name": "\uc62c\ub9ac\ube0c\uc720",
                "material_opecity": "\ub109\ub109\ud788 "
            },
            {
                "material_name": "\ubb3c",
                "material_opecity": "1/4\ucef5 "
            },
            {
                "material_name": "\uad74\uc18c\uc2a4",
                "material_opecity": "1\uc791\uc740\uc220 "
            },
            {
                "material_name": "\uace0\uc6b4\uc18c\uae08",
                "material_opecity": "\uc57d\uac04 "
            },
            {
                "material_name": "\ub9db\uc220",
                "material_opecity": "1\ud070\uc220 "
            },
            {
                "material_name": "\ud6c4\ucd94",
                "material_opecity": "\uc57d\uac04 "
            }
        ]
    },
    {
        "_id": "660ca3d79b7a9e791d467880",
        "recipe_title": "\ubc45\uc5b4\ud3ec\ubcf6\uc74c 2\uc885. \ubc11\ubc18\ucc2c \ub9cc\ub4e4\uae30.",
        "recipe_img_url": "https://recipe1.ezmember.co.kr/cache/recipe/2018/09/13/21bd82af0b1ecfefe1071b00bc0c2cb41.jpg",
        "recipe_steps": [
            {
                "recipe_step_content": "1. \ubc45\uc5b4\ud3ec \ubcf6\uc74c\n\ubc45\uc5b4\ud3ec 5\uc7a5\uc744 \uba39\uae30\uc88b\uc740 \ud06c\uae30\ub85c \uc798\ub77c\uc90d\ub2c8\ub2e4. \uc138\ub85c\ub85c \ub124\ub4f1\ubd84 \ud574 \uc900 \ud6c4 1\uc13c\uce58 \uac04\uaca9\uc73c\ub85c \uc798\ub77c\uc8fc\uc5c8\uc5b4\uc694.",
                "recipe_step_img": "https://recipe1.ezmember.co.kr/cache/recipe/2018/09/14/73e3ddda6d7881579abf67508ef1b6e21.jpg"
            },
            {
                "recipe_step_content": "\ud32c\uc5d0 \uc2dd\uc6a9\uc720\ub97c \ucda9\ubd84\ud788 \ub458\ub7ec\uc8fc\uace0 \uc798\ub77c\ub193\uc740 \ubc45\uc5b4\ud3ec\ub97c \ud280\uae30\ub4ef\uc774 \ubcf6\uc544\uc90d\ub2c8\ub2e4. \ubc14\uc0ad\ud558\uac8c\uc694. \ud280\uaca8\uc8fc\uba74 \ub354 \uc88b\uc544\uc694. \ud280\uaca8\uc11c \uac04\uc2dd\ucc98\ub7fc \uba39\uc5b4\ub3c4 \ubc14\uc0ad\ud558\ub2c8 \ub108\ubb34 \ub9db\uc788\uac70\ub4e0\uc694.",
                "recipe_step_img": "https://recipe1.ezmember.co.kr/cache/recipe/2018/09/14/ce8a3c90b734506ef76c36f839a1367c1.jpg"
            },
            {
                "recipe_step_content": "\ud280\uaca8\uc9c4 \ubc45\uc5b4\ud3ec\ub97c \uaebc\ub0b4 \ubcfc\uc5d0 \ub2f4\uace0 \uc124\ud0d51T\uc640 \uc18c\uae081t\uc640 \uae68\ub97c \ub123\uace0 \uace8\uace0\ub8e8 \uc11e\uc5b4\uc8fc\uc138\uc694.",
                "recipe_step_img": "https://recipe1.ezmember.co.kr/cache/recipe/2018/09/14/f848985570c17803a15eb9aa5aaa58601.jpg"
            },
            {
                "recipe_step_content": "\uc774\ub807\uac8c \uac04\ub2e8\ud558\uac8c\ub9cc \ud574\ub3c4 \uace0\uc18c\ud558\ub2c8 \ubc14\uc0ad\ud558\ub2c8 \ub9db\uc788\ub294 \ubc18\ucc2c\uc774 \ub41c\ub2f5\ub2c8\ub2e4.",
                "recipe_step_img": "https://recipe1.ezmember.co.kr/cache/recipe/2018/09/14/d65f142798bfc878d6440fe3753223b11.jpg"
            },
            {
                "recipe_step_content": "2. \ubc45\uc5b4\ud3ec \uace0\ucd94\uc7a5 \ubcf6\uc74c\n\ubc45\uc5b4\ud3ec 5\uc7a5\uc744 \uba39\uae30\uc88b\uc740 \ud06c\uae30\ub85c \uc798\ub77c\uc90d\ub2c8\ub2e4. \uc138\ub85c\ub85c \ub124\ub4f1\ubd84 \ud574 \uc900 \ud6c4 1\uc13c\uce58 \uac04\uaca9\uc73c\ub85c \uc798\ub77c\uc8fc\uc5c8\uc5b4\uc694.",
                "recipe_step_img": "https://recipe1.ezmember.co.kr/cache/recipe/2018/09/14/2e6269c3a667c7f5fdaf87199c2941731.jpg"
            },
            {
                "recipe_step_content": "\uc591\ub150\uc744 \ub9cc\ub4e4\uc5b4 \uc90d\ub2c8\ub2e4. \uace0\ucd94\uc7a5 3T, \uc62c\ub9ac\uace0\ub2f9 1T, \uac04\uc7a5 1T, \ub2e4\uc9c4\ub9c8\ub298 1T, \ub9c8\uc694\ub124\uc988 1T\ub97c \ub123\uace0 \uc11e\uc5b4\uc8fc\uc138\uc694.",
                "recipe_step_img": "https://recipe1.ezmember.co.kr/cache/recipe/2018/09/14/9321f20b6c9282452f4a8e2a32efce1a1.jpg"
            },
            {
                "recipe_step_content": "\ud504\ub77c\uc774\ud32c\uc5d0 \uc2dd\uc6a9\uc720\ub97c \ucda9\ubd84\ud788 \ub450\ub974\uace0 \ud280\uae30\ub4ef\uc774 \ubc45\uc5b4\ud3ec\ub97c \ubcf6\uc544\uc8fc\uc138\uc694. \uc774\uac83\ub3c4 \ub9c8\ucc2c\uac00\uc9c0 \ud280\uaca8\uc11c \ud558\uc2dc\uba74 \ub354 \uc88b\uc9c0\uc694... \uadf8\ub0e5 \ud504\ub77c\uc774\ud32c\uc5d0 \uc2dd\uc6a9\uc720\ub97c \ub450\ub974\uace0 \ubc14\uc0ad\ud558\uac8c \ubcf6\uc544\uc8fc\uc154\ub3c4 \ub41c\ub2f5\ub2c8\ub2e4.",
                "recipe_step_img": "https://recipe1.ezmember.co.kr/cache/recipe/2018/09/14/f954afea95353b32f1ec8f4f941b59371.jpg"
            },
            {
                "recipe_step_content": "\ubc14\uc0ad\ud558\uac8c \ubcf6\uc544\uc84c\uc73c\uba74 \ubd88\uc744 \ub044\uace0 \uc900\ube44\ud55c \uc591\ub150\uc744 \ub123\uace0 \uc5bc\ub978 \ubc45\uc5b4\ud3ec\uc5d0 \uc591\ub150\uc774 \ubca0\uc774\uac8c \uc11e\uc5b4\uc8fc\uc2dc\uba74 \ub41c\ub2f5\ub2c8\ub2e4. \ubd88\uc744 \ucf1c\ub450\uace0 \ud558\uc2dc\uba74 \uc591\ub150\uc774 \ub2e4 \ud0c0\uac8c \ub41c\ub2f5\ub2c8\ub2e4. \ud504\ub77c\uc774\ud32c\uc5d0 \uc5f4\uae30\uac00 \ub0a8\uc544 \uc788\uc5b4 \ubd88\uc744 \ub044\uace0 \uc11e\uc5b4\uc8fc\uc2dc\uba74 \ub418\uc694.",
                "recipe_step_img": "https://recipe1.ezmember.co.kr/cache/recipe/2018/09/14/c02da6584103f81f3701a0afc6a6deaf1.jpg"
            },
            {
                "recipe_step_content": "\uadf8\ub7fc \uc190\uc27d\uac8c \ub450\ubc88\uc9f8 \ubc45\uc5b4\ud3ec \uace0\ucd94\uc7a5\ubcf6\uc74c \uc644\uc131!",
                "recipe_step_img": "https://recipe1.ezmember.co.kr/cache/recipe/2018/09/14/1129d2c92ace055bca0f64be1a45b8b91.jpg"
            }
        ],
        "recipe_material_list": [
            {
                "material_name": "\ubc45\uc5b4\ud3ec",
                "material_opecity": "5\uc7a5 "
            },
            {
                "material_name": "\uc2dd\uc6a9\uc720",
                "material_opecity": "\uc801\ub2f9\ub7c9 "
            },
            {
                "material_name": "\uc124\ud0d5",
                "material_opecity": "1T "
            },
            {
                "material_name": "\uc18c\uae08",
                "material_opecity": "1t "
            },
            {
                "material_name": "\uace0\ucd94\uc7a5",
                "material_opecity": "3T "
            },
            {
                "material_name": "\uc62c\ub9ac\uace0\ub2f9",
                "material_opecity": "1T "
            },
            {
                "material_name": "\uac04\uc7a5",
                "material_opecity": "1T "
            },
            {
                "material_name": "\ub2e4\uc9c4\ub9c8\ub298",
                "material_opecity": "1T "
            },
            {
                "material_name": "\ub9c8\uc694\ub124\uc988",
                "material_opecity": "1T "
            }
        ]
    },
    {
        "_id": "660ca3d79b7a9e791d467884",
        "recipe_title": "\ubc45\uc5b4 \uace0\ucd94\uc7a5\ubcf6\uc74c",
        "recipe_img_url": "https://recipe1.ezmember.co.kr/cache/recipe/2016/07/08/607fa32944355174c586838c326253d31.jpg",
        "recipe_steps": [
            {
                "recipe_step_content": "\ub0c9\uc7a5\ubcf4\uad00\uc73c\ub85c \uc218\ubd84\uc744 \uba38\uae08\uace0 \uc788\uc5b4 \ub9c8\ub978\ud32c\uc5d0 \uace0\ub4e4\uace0\ub4e4\ud558\uac8c \ubcf6\uc544\uc11c \uc2dd\ud600 \uc900\ub2e4.",
                "recipe_step_img": "https://recipe1.ezmember.co.kr/cache/recipe/2016/07/08/564402198ac0b2537a7f6fc883d62bf21.jpg"
            },
            {
                "recipe_step_content": "\uc900\ube44\ub41c \uc591\ub150\uc744 \ubaa8\ub450 \ud22c\ud558\ud574\uc11c \ud32c \uac00\uc6b4\ub370 \ubd80\ubd84\uae4c\uc9c0 \ub053\uc5b4\uc624\uba74 \ubd88\uc744 \ub048\ub2e4.",
                "recipe_step_img": "https://recipe1.ezmember.co.kr/cache/recipe/2016/07/08/37d35f15e53504b88c6c0a8c494bf01d1.jpg"
            },
            {
                "recipe_step_content": "\uc2dd\ud600\ub454 \ubc45\uc5b4\uc2e4\uce58\uc640 \uc591\ub150\uc744 \uace8\uace0\ub8e8 \uc11e\uc5b4\uc900\ub2e4",
                "recipe_step_img": "https://recipe1.ezmember.co.kr/cache/recipe/2016/07/08/2dc7b16f4abbc7075f3c407505a2a5d71.jpg"
            },
            {
                "recipe_step_content": "\uc811\uc2dc\uc5d0 \ub2f4\uc544 \ud1b5\uae68\ub97c \ubfcc\ub824\uc8fc\uba74 \uc644\uc131",
                "recipe_step_img": "https://recipe1.ezmember.co.kr/cache/recipe/2016/07/08/a7f8478f3ce8c1e15f3090a9e9faa9031.jpg"
            }
        ],
        "recipe_material_list": [
            {
                "material_name": "\uace0\ucd94\uc7a5",
                "material_opecity": "2\uc90c "
            },
            {
                "material_name": "\uc591\uc870\uac04\uc7a5",
                "material_opecity": "3T "
            },
            {
                "material_name": "\uc62c\ub9ac\uace0\ub2f9",
                "material_opecity": "2T "
            },
            {
                "material_name": "\ub9c8\ub298",
                "material_opecity": "4T "
            },
            {
                "material_name": "\ucc38\uae30\ub984",
                "material_opecity": "0.5T "
            },
            {
                "material_name": "\ud1b5\uae68",
                "material_opecity": "1T "
            }
        ]
    },
    {
        "_id": "660ca3d79b7a9e791d467885",
        "recipe_title": "\ubc45\uc5b4\ud3ec\ubcf4\uad00\ubc95\uc744 \uc54c\ub824\ub4dc\ub9b4\uaed8\uc694 : ) ",
        "recipe_img_url": "https://recipe1.ezmember.co.kr/cache/recipe/2021/10/20/9c82247b73996de3d9479e70c9d11e0f1.jpg",
        "recipe_steps": [
            {
                "recipe_step_content": "\ubc45\uc5b4\ud3ec\ub294 \ud55c\ubc88 \uba39\uc744 \ubd84\ub7c9\uc529 \ub098\ub208\ub2e4.",
                "recipe_step_img": "https://recipe1.ezmember.co.kr/cache/recipe/2019/01/24/095a96e2cc2722565e78bbba0c022a761.jpg"
            },
            {
                "recipe_step_content": "\ubc00\ubd09\ud55c\ub2e4.\ubc00\ubd09\ud558\uc9c0 \uc54a\uc73c\uba74 \ub9d0\ub77c\uc11c \ub531\ub531\ud574\uc9c8 \uc218 \uc788\uc5b4\uc694.\n",
                "recipe_step_img": "https://recipe1.ezmember.co.kr/cache/recipe/2019/01/24/da99db53980d81dc14345bb9acf853d01.jpg"
            },
            {
                "recipe_step_content": "\ub0c9\ub3d9\uc2e4\uc5d0 \ub123\uc5b4 \ubcf4\uad00\ud55c\ub2e4.\uc0c1\uc628\uc5d0 \ub450\uba74 \ub204\ub807\uac8c \ubcc0\uc0c9\ub418\uc694. \n",
                "recipe_step_img": "https://recipe1.ezmember.co.kr/cache/recipe/2019/01/24/e9484a33d0f7329a1677a32f2589f9a51.jpg"
            }
        ],
        "recipe_material_list": [
            {
                "material_name": "\ubc45\uc5b4\ud3ec",
                "material_opecity": " "
            }
        ]
    },
    {
        "_id": "660ca3d79b7a9e791d46788c",
        "recipe_title": "[\ubc45\uc5b4\ud3ec\uc694\ub9ac\ubc95]\ubc45\uc5b4\ud3ec\uc591\ub150\uad6c\uc774 \ubc45\uc5b4\ud3ec\uae7b\uc78e\uad6c\uc774",
        "recipe_img_url": "https://recipe1.ezmember.co.kr/cache/recipe/2015/10/06/5fdaf147e235e009b2df820975b37d3b1.jpg",
        "recipe_steps": [
            {
                "recipe_step_content": "\ubc45\uc5b4\ud3ec2\uc7a5\uc744 \uc900\ube44\ud574 \uc90d\ub2c8\ub2e4.",
                "recipe_step_img": "https://recipe1.ezmember.co.kr/cache/recipe/2015/10/06/a382c26adc5d1463a307afc782d9f5c71.jpg"
            },
            {
                "recipe_step_content": "\uae7b\uc78e\uc744 \uae68\ub057\ud558\uac8c \uc53b\uc5b4\uc11c 8\uc7a5\uc744 \uc900\ube44\ud574\uc8fc\uc138\uc694.",
                "recipe_step_img": "https://recipe1.ezmember.co.kr/cache/recipe/2015/10/06/0feb14627dd3ee43bd31d0a7436777791.jpg"
            },
            {
                "recipe_step_content": "\uc816\uc740 \uba74\ubcf4\uc5d0 \ubc45\uc5b4\ud3ec\ub97c \uac10\uc2f8 \uc9c0\uadf8\uc2dc \ub20c\ub7ec \ubd80\ub4dc\ub7fd\uac8c \ud574\uc90d\ub2c8\ub2e4.",
                "recipe_step_img": "https://recipe1.ezmember.co.kr/cache/recipe/2015/10/06/55c951390237c05f3d19f6fd5bd29cd31.jpg"
            },
            {
                "recipe_step_content": "\uc591\ub150\uc7a5\uc740 \uace0\ucd94\uc7a5 2\uc2a4\ud47c, \ubb3c\uc5ff1\uc2a4\ud47c, \uccad\uc8fc\ubc18\uc2a4\ud47c, \ub2e4\uc9c4\ub9c8\ub298\ubc18\uc2a4\ud47c,\ucc38\uae30\ub984\ubc18\uc2a4\ud47c\uc744 \ub123\uace0 \ub9cc\ub4e4\uc5b4 \uc8fc\uc138\uc694.",
                "recipe_step_img": "https://recipe1.ezmember.co.kr/cache/recipe/2015/10/06/03e8ab43e01298184ed03b6be160a1e11.jpg"
            },
            {
                "recipe_step_content": "\ubc45\uc5b4\ud3ec\ub97c \ubc18\uc73c\ub85c \uc790\ub978\ub4a4 \ud55c\ucabd\uba74\uc5d0 \uc591\ub150\uc744 \uace0\ub8e8 \ud3b4\ubc1c\ub77c \uc90d\ub2c8\ub2e4.",
                "recipe_step_img": "https://recipe1.ezmember.co.kr/cache/recipe/2015/10/06/dffa887a3301e6108dcedfb1db4abfd41.jpg"
            },
            {
                "recipe_step_content": "\ubb3c\uae30\ub97c \ub531\ub531 \ud138\uc5b4\ub0b4\uace0 \ubc45\uc5b4\ud3ec\uc704\uc5d0 \uae7b\uc78e\uc744 \uc5b9\uc5b4\uc11c 10\ubd84\uc815\ub3c4 \ub098\ub450\uc138\uc694.",
                "recipe_step_img": "https://recipe1.ezmember.co.kr/cache/recipe/2015/10/06/b5f8416f630bbfc86605ed75b112e7f21.jpg"
            },
            {
                "recipe_step_content": "\uc11d\uc1e0 \ub610\ub294 \ud6c4\ub77c\uc774\ud32c\uc744 \ub2ec\uad88\uc900\ub4a4 \ubd88\uc744 \uc904\uc5ec\uc8fc\uc138\uc694.",
                "recipe_step_img": "https://recipe1.ezmember.co.kr/cache/recipe/2015/10/06/5ad1d7736c534c53c3ee2d630ed09c211.jpg"
            },
            {
                "recipe_step_content": "\ub2ec\uad88\uc9c4 \ud6c4\ub77c\uc774\ud32c\uc5d0 \ubc45\uc5b4\ud3ec\ub97c \uc62c\ub824\uc11c \uc55e\ub4a4\ub85c \uad6c\uc6cc\uc8fc\uc138\uc694",
                "recipe_step_img": "https://recipe1.ezmember.co.kr/cache/recipe/2015/10/06/e7e96fda1e60624fdca5fa05cdfea7071.jpg"
            }
        ],
        "recipe_material_list": [
            {
                "material_name": "\ubc45\uc5b4\ud3ec",
                "material_opecity": "2\uc7a5 "
            },
            {
                "material_name": "\uae7b\uc78e",
                "material_opecity": "8\uc7a5 "
            },
            {
                "material_name": "\ucc38\uae68",
                "material_opecity": "\uc57d\uac04 "
            },
            {
                "material_name": "\uace0\ucd94\uc7a5",
                "material_opecity": "2T "
            },
            {
                "material_name": "\ubb3c\uc5ff",
                "material_opecity": "1T "
            },
            {
                "material_name": "\uccad\uc8fc",
                "material_opecity": "1/2T "
            },
            {
                "material_name": "\ub2e4\uc9c4\ub9c8\ub298",
                "material_opecity": "1/2T "
            },
            {
                "material_name": "\ucc38\uae30\ub984",
                "material_opecity": "1/2T "
            }
        ]
    },
    {
        "_id": "660ca3d79b7a9e791d46788d",
        "recipe_title": "\ubc45\uc5b4\ud3ec\uad6c\uc774",
        "recipe_img_url": "https://recipe1.ezmember.co.kr/cache/recipe/2021/04/11/1b754cbba36ec1862e00c708d83d96051.jpg",
        "recipe_steps": [
            {
                "recipe_step_content": "\ubc45\uc5b4\ud3ec10\uc7a5\uc744 \uc900\ube44\ud574 \uc90d\ub2c8\ub2e4.",
                "recipe_step_img": "https://recipe1.ezmember.co.kr/cache/recipe/2021/04/11/f2a5d5066109f5b222013a47973b64101.jpg"
            },
            {
                "recipe_step_content": "\ubcfc\uc5d0 \uace0\ucd94\uc7a5,\ub2e4\uc9c4\ub9c8\ub298,\ucc38\uce58\uc561\uc813\n\uc62c\ub9ac\uace0\ub2f9,\ub9db\uc220,\ud1b5\uae68 \ub4f1\uc744\n\ub123\uace0 \uc798 \uc11e\uc5b4 \uc591\ub150\uc7a5\uc744 \n\ubbf8\ub9ac \ub9cc\ub4e4\uc5b4 \uc90d\ub2c8\ub2e4.",
                "recipe_step_img": "https://recipe1.ezmember.co.kr/cache/recipe/2021/04/11/08ad1c2a14ad9db43da907c72e064ac11.jpg"
            },
            {
                "recipe_step_content": "\ubc45\uc5b4\ud3ec\uc5d0 \uc591\ub150\uc7a5\uc744\n\ud55c \uc7a5\uc529 \uace8\uace0\ub8e8 \ubc1c\ub77c\uc90d\ub2c8\ub2e4.",
                "recipe_step_img": "https://recipe1.ezmember.co.kr/cache/recipe/2021/04/11/6aee6dfd23498d17fa758dcc643c47e51.jpg"
            },
            {
                "recipe_step_content": "\ub2ec\uad70 \ud32c\uc5d0 \ud0a4\uce5c\ud0c0\uc6d4\ub85c \uae30\ub984\uc744 \ubc1c\ub77c \uc900\n\ub2e4\uc74c \uc57d\ubd88\uc5d0\uc11c \ubc45\uc5b4\ud3ec\ub97c\n\uad6c\uc6cc\uc90d\ub2c8\ub2e4.",
                "recipe_step_img": "https://recipe1.ezmember.co.kr/cache/recipe/2021/04/11/566c1bb49f1f6300294f0e81a731acd91.jpg"
            },
            {
                "recipe_step_content": "\uc798 \uad6c\uc6cc\uc9c4 \ubc45\uc5b4\ud3ec\ub97c\n\uc54c\ub9de\uc740 \ud06c\uae30\ub85c \uc798\ub77c\uc90d\ub2c8\ub2e4.",
                "recipe_step_img": "https://recipe1.ezmember.co.kr/cache/recipe/2021/04/11/0ce74b7d7ecd37f4e060d5769b7b4ad21.jpg"
            }
        ],
        "recipe_material_list": [
            {
                "material_name": "\ubc45\uc5b4\ud3ec",
                "material_opecity": "10\uc7a5 "
            },
            {
                "material_name": "\uace0\ucd94\uc7a5",
                "material_opecity": "2\ud070\uc220 "
            },
            {
                "material_name": "\ucc38\uce58\uc561\uc813",
                "material_opecity": "1\ud070\uc220 "
            },
            {
                "material_name": "\uc62c\ub9ac\uace0\ub2f9",
                "material_opecity": "2\ud070\uc220 "
            },
            {
                "material_name": "\ub9db\uc220",
                "material_opecity": "1\ud070\uc220 "
            },
            {
                "material_name": "\ub2e4\uc9c4\ub9c8\ub298",
                "material_opecity": "1\ud070\uc220 "
            },
            {
                "material_name": "\ud1b5\uae68",
                "material_opecity": "2\ud070\uc220 "
            }
        ]
    },
    {
        "_id": "660ca3d79b7a9e791d46788e",
        "recipe_title": "\ubc45\uc5b4\ud3ec\uc694\ub9ac",
        "recipe_img_url": "https://recipe1.ezmember.co.kr/cache/recipe/2015/05/29/52b5dfbe02516570ba73f39a608820ba1.jpg",
        "recipe_steps": [
            {
                "recipe_step_content": "\ubc45\uc5b4\ud3ec\ub294 \uc6b0\uc120 \uc798 \ub2ec\uad88\uc9c4 \ud6c4\ub77c\uc774\ud32c\uc5d0 \ub178\ub987\ub178\ub987 \uc798 \uad6c\uc6cc \uc8fc\uc138\uc694.",
                "recipe_step_img": "https://recipe1.ezmember.co.kr/cache/recipe/2015/05/29/50ba7958e42f2951631174f70990f35e1.jpg"
            },
            {
                "recipe_step_content": "\ubc45\uc5b4\ud3ec\ub294 \uc774\ub807\uac8c \ub178\ub987\ub178\ub987 \uc798 \uad6c\uc6cc\uc9c0\uba74 \uba39\uae30\uc88b\uc740 \ud06c\uae30\ub85c \uc798\ub77c\uc8fc\uc2dc\uba74 \ub418\uc694. \ub118 \uc798\uac8c \uc790\ub974\uc2dc\uba74 \ubc45\uc5b4\ud3ec\uac00 \ubd80\uc11c\uc9c0\uae30\ub54c\ubb38\uc5d0 5cm\uc815\ub3c4\uc758 \ud06c\uae30\ub85c \uc798\ub77c\uc8fc\uc2dc\uba74 \ub3fc\uc694.",
                "recipe_step_img": "https://recipe1.ezmember.co.kr/cache/recipe/2015/05/29/21dce4ae66019a222fb11ba1cb20699c1.jpg"
            },
            {
                "recipe_step_content": "\uc900\ube44\ub41c \uc591\ub150\uc744 \ubaa8\ub450 \ub123\uc5b4 \uc798 \uc11e\uc5b4 \uc8fc\uc2dc\uba74 \ub3fc\uc694.",
                "recipe_step_img": "https://recipe1.ezmember.co.kr/cache/recipe/2015/05/29/32593d44532e433dacf38593752c10f51.jpg"
            },
            {
                "recipe_step_content": "\ubc45\uc5b4\ud3ec\uc5d0 \ub9cc\ub4e0 \uc591\ub150\uc7a5\uc744 \ub123\uace0 \uace8\uace0\ub8e8 \ubb3b\ud600\uc8fc\uc138\uc694.",
                "recipe_step_img": "https://recipe1.ezmember.co.kr/cache/recipe/2015/05/29/21ce2bb978f110cf9f8d10124b776d291.jpg"
            }
        ],
        "recipe_material_list": [
            {
                "material_name": "\ubc45\uc5b4\ud3ec",
                "material_opecity": "6\uc7a5 "
            },
            {
                "material_name": "\uace0\ucd94\uc7a5",
                "material_opecity": "3T "
            },
            {
                "material_name": "\uc124\ud0d5",
                "material_opecity": "1T "
            },
            {
                "material_name": "\uc870\uccad",
                "material_opecity": "1T "
            },
            {
                "material_name": "\ub4e4\uae30\ub984",
                "material_opecity": "1T "
            },
            {
                "material_name": "\uac04\uc7a5",
                "material_opecity": "1T "
            },
            {
                "material_name": "\ucc38\uae68",
                "material_opecity": "2T "
            }
        ]
    },
    {
        "_id": "660ca3d79b7a9e791d467890",
        "recipe_title": "\ubc45\uc5b4\ud3ec\ubb34\uce68 \ub9cc\ub4dc\ub294\ubc95~\ubc45\uc5b4\ud3ec\uad6c\uc774 \uc27d\uac8c~",
        "recipe_img_url": "https://recipe1.ezmember.co.kr/cache/recipe/2022/08/23/532694fe56922c041ff5c859cdc8c55f1.jpg",
        "recipe_steps": [],
        "recipe_material_list": [
            {
                "material_name": "\ubc45\uc5b4\ud3ec",
                "material_opecity": "5\uc7a5 "
            },
            {
                "material_name": "\uace0\ucd94\uc7a5",
                "material_opecity": "2\uc21f\uac00\ub77d "
            },
            {
                "material_name": "\uc124\ud0d5",
                "material_opecity": "1\uc21f\uac00\ub77d "
            },
            {
                "material_name": "\uc62c\ub9ac\uace0\ub2f9",
                "material_opecity": "1\uc21f\uac00\ub77d "
            },
            {
                "material_name": "\ucc38\uae30\ub984",
                "material_opecity": "1\uc21f\uac00\ub77d "
            },
            {
                "material_name": "\ucabd\ud30c",
                "material_opecity": "\uc870\uae08 "
            },
            {
                "material_name": "\ud1b5\uae68",
                "material_opecity": " "
            }
        ]
    },
    {
        "_id": "660ca3d79b7a9e791d467891",
        "recipe_title": "\ubc45\uc5b4\ud3ec\uc190\uc9c8\ubc95 \uc774\ub807\uac8c\ud558\uba74 \uc9f1\uc26c\uc6c0! ",
        "recipe_img_url": "https://recipe1.ezmember.co.kr/cache/recipe/2021/10/20/e2e502d1e52c788a2e5616771e5bf4251.jpg",
        "recipe_steps": [
            {
                "recipe_step_content": "\ubc45\uc5b4\ud3ec\ub294 \uce58\uc544(\uc791\uc740\ubb3c\uace0\uae30)\ub97c \ub9d0\ub824 \uac00\uacf5\ud55c \uac83\uc774\ub2e4.",
                "recipe_step_img": "https://recipe1.ezmember.co.kr/cache/recipe/2019/01/24/346b4f516f0de31bd29a4b61bbc424ab1.jpg"
            },
            {
                "recipe_step_content": "\uce7c\uc298 \ud568\ub7c9\uc774 \ub192\uc544 \uace8\ub2e4\uacf5\uc99d\uc744 \uc608\ubc29\ud560 \uc218 \uc788\ub2e4.",
                "recipe_step_img": "https://recipe1.ezmember.co.kr/cache/recipe/2019/01/24/d3fbee99c9697c7d7fd03488787b38af1.jpg"
            },
            {
                "recipe_step_content": "\ubc45\uc5b4\ud3ec\uc758 \uc7a1\ud2f0\ub97c \uc81c\uac70\ud55c\ub2e4.",
                "recipe_step_img": "https://recipe1.ezmember.co.kr/cache/recipe/2019/01/24/ad866bfe8ffbd4561eb2e49476fdb8641.jpg"
            },
            {
                "recipe_step_content": "\ubc45\uc5b4\ud3ec 2\uc7a5\uc744 \uacb9\uccd0 \ube44\ube48\ub2e4.",
                "recipe_step_img": "https://recipe1.ezmember.co.kr/cache/recipe/2019/01/24/c94563e9fdea36c8de6eade4e988c74c1.jpg"
            },
            {
                "recipe_step_content": "\uba39\uae30 \uc88b\uc740 \ud06c\uae30\ub85c \uc790\ub978\ub2e4.",
                "recipe_step_img": "https://recipe1.ezmember.co.kr/cache/recipe/2019/01/24/8be466f6ff3045ab1e2d9a015920d0041.jpg"
            }
        ],
        "recipe_material_list": [
            {
                "material_name": "\ubc45\uc5b4\ud3ec",
                "material_opecity": " "
            }
        ]
    },
    {
        "_id": "660ca3d79b7a9e791d467892",
        "recipe_title": "\uce7c\uc298\uc774 \ud48d\ubd80\ud55c \ubc45\uc5b4\ud3ec \uace0\ucd94\uc7a5 \ubcf6\uc74c",
        "recipe_img_url": "https://recipe1.ezmember.co.kr/cache/recipe/2016/03/20/d02d99582ab50154c25cb7afcb53b7071.jpg",
        "recipe_steps": [
            {
                "recipe_step_content": "\ubc45\uc5b4\ud3ec 3\uc7a5 ~~",
                "recipe_step_img": "https://recipe1.ezmember.co.kr/cache/recipe/2016/03/20/ccf9ea42d6a22c2059a38f26bbef453e1.jpg"
            },
            {
                "recipe_step_content": "\ubc45\uc5b4\ub97c \uac00\uc704\ub85c \uba39\uae30 \uc88b\uc740 \ud06c\uae30\ub85c \uc798\ub77c\uc8fc\uc138\uc694.",
                "recipe_step_img": "https://recipe1.ezmember.co.kr/cache/recipe/2016/03/20/b920ff7cdae0219423a26b3042f75e441.jpg"
            },
            {
                "recipe_step_content": "\ubc45\uc5b4\ub97c \uc774\ub807\uac8c \uc798\ub77c\uc11c \ub193\uc558\uc5b4\uc694.",
                "recipe_step_img": "https://recipe1.ezmember.co.kr/cache/recipe/2016/03/20/ba79abe71cbd87743e1c42912ce491321.jpg"
            },
            {
                "recipe_step_content": "\uaf48\ub9ac\uace0\ucd94 \uc900\ube44\ud574\uc8fc\uc138\uc694. \uc800\ub294 10\uac1c \ub123\uc5c8\ub294\ub370\uc694. \ub354 \ub123\uc73c\uc154\ub3fc\uc694.",
                "recipe_step_img": "https://recipe1.ezmember.co.kr/cache/recipe/2016/03/20/4ac247ca36c987ed900dc291374193671.jpg"
            },
            {
                "recipe_step_content": "\uc774\ub807\uac8c \uc591\ub150\ub4e4\uc744 \ubaa8\uc544 \ub193\uc558\uc5b4\uc694.\n\uc5d0\uace0~ \uc9c4\uac04\uc7a5\uc774 \uc548 \ubcf4\uc774\ub124\uc694. \ube7c\uba39\uc5c8\uc5b4\uc694. \n\ud558\uc9c0\ub9cc \ubc45\uc5b4\ud3ec \ubcf6\uc74c\uc5d0\ub294 \ub123\uc5c8\uc5b4\uc694.",
                "recipe_step_img": "https://recipe1.ezmember.co.kr/cache/recipe/2016/03/20/489de13dde9ad203b3325f4a1e8023811.jpg"
            },
            {
                "recipe_step_content": "\ub9e4\uc2e4\uacfc \uccad\uc8fc\uc608\uc694.",
                "recipe_step_img": "https://recipe1.ezmember.co.kr/cache/recipe/2016/03/20/1c18b54f55e8c8460464692653d0d9ab1.jpg"
            },
            {
                "recipe_step_content": "\uc9c4\uac04\uc7a5\uacfc \uc591\ub150\uc744 \uc5ec\uae30 \ub2e4 \ub123\uc5b4\uc8fc\uc138\uc694",
                "recipe_step_img": "https://recipe1.ezmember.co.kr/cache/recipe/2016/03/20/e07f7a4518c234aee3294fedd4e8f5fd1.jpg"
            },
            {
                "recipe_step_content": "\uaf48\ub9ac\uace0\ucd94 \uc800\ub294 \uc774\ub807\uac8c \uc798\ub790\ub2f5\ub2c8\ub2e4.",
                "recipe_step_img": "https://recipe1.ezmember.co.kr/cache/recipe/2016/03/20/015150720d2a9aaaa40746629affde3d1.jpg"
            },
            {
                "recipe_step_content": "\uc2dd\uc6a9\uc720\ub97c \ub450\ub974\uace0 \uaf48\ub9ac\uace0\ucd94 \uba3c\uc800 \ubcf6\uc544\uc8fc\uc138\uc694.\n\uaf48\ub9ac\uace0\ucd94\ub97c \ub098\uc911\uc5d0 \ub123\uc73c\uc2e0\ub2e4\uba74~~ \n\uc800 \uc798\ud558\ub294 \uac70 \uc788\uc8e0? \uc18c\uae08 \uc870\uae08 \ub123\uace0 \ucee4\ud53c\ud3ec\ud2b8 \ubb3c \ub053\uc5ec\uc11c \uc0b4\uc9dd \ub123\uc5c8\ub2e4 \n\ube7c\uba74 \ub354 \ub9db\uc788\uac8c \ub4dc\uc2e4 \uc218 \uc788\uc5b4\uc694.\n\uc81c\uac00 \uae5c\ubc15 \uc78a\uace0 \uaf48\ub9ac\uace0\ucd94\ub97c \uba3c\uc800 \ubcf6\uc558\uac70\ub4e0\uc694.",
                "recipe_step_img": "https://recipe1.ezmember.co.kr/cache/recipe/2016/03/20/ba831bdedcacf2e4f496d33679e8415c1.jpg"
            },
            {
                "recipe_step_content": "\uaf48\ub9ac\uace0\ucd94\uac00 \uc5b4\ub290 \uc815\ub3c4 \uc775\uc73c\uba74 \ubc45\uc5b4\ud3ec\ub97c \ub123\uc5b4\uc8fc\uc138\uc694.",
                "recipe_step_img": "https://recipe1.ezmember.co.kr/cache/recipe/2016/03/20/ac76a5e9eab11492fc99de4309f9acf61.jpg"
            },
            {
                "recipe_step_content": "\uc900\ube44\ud55c \uc591\ub150\uc744 \ub123\uc5b4\uc8fc\uc138\uc694. \ub108\ubb34 \uc624\ub798 \ubcf6\uc9c0 \ub9c8\uc138\uc694.",
                "recipe_step_img": "https://recipe1.ezmember.co.kr/cache/recipe/2016/03/20/628bb7169a4736b3745bbf33ee85669b1.jpg"
            },
            {
                "recipe_step_content": "\uc591\ub150\uc774 \uace8\uace0\ub8e8 \uc11e\uc774\uac8c \uc7ac\ube60\ub974\uac8c \ubcf6\uc544\uc900 \ub2e4\uc74c \uac00\uc2a4\ubd88\uc744 \ub044\uace0\n\ubb3c\uc5ff\uc774\ub098 \uc62c\ub9ac\uace0\ub2f9\uc744 \ub123\uc5b4\uc8fc\uc138\uc694. \uadf8\ub798\uc57c \ub531\ub531\ud558\uc9c0 \uc54a\uc544\uc694.\n\uba78\uce58 \ubcf6\ub294 \ubc29\ubc95\uacfc \uac19\ub2e4\uace0 \ubcf4\uba74 \ub3fc\uc694.",
                "recipe_step_img": "https://recipe1.ezmember.co.kr/cache/recipe/2016/03/20/9762c9f4a3b03fddb4523b461c9e4a611.jpg"
            },
            {
                "recipe_step_content": "\ucc38\uae30\ub984\uacfc \ud1b5\uae68\ub97c \ub123\uc5b4 \uc8fc\uc2dc\uba74 \ubc45\uc5b4\ud3ec \ubcf6\uc74c\uc774 \uc644\uc131\ub418\uc5c8\uc5b4\uc694.",
                "recipe_step_img": "https://recipe1.ezmember.co.kr/cache/recipe/2016/03/20/e8fc9217b2dc5523e99662148f979ce61.jpg"
            },
            {
                "recipe_step_content": "\uc6b0~\uc640 \uc81c\uac00 \ud588\uc9c0\ub9cc \ub9db \uc788\uc74c\ub2f9~",
                "recipe_step_img": "https://recipe1.ezmember.co.kr/cache/recipe/2016/03/20/3a50d895a130ac87aba042c7e43da46e1.jpg"
            }
        ],
        "recipe_material_list": [
            {
                "material_name": "\ubc45\uc5b4\ud3ec",
                "material_opecity": "3\uc7a5 "
            },
            {
                "material_name": "\uaf48\ub9ac\uace0\ucd94",
                "material_opecity": "10\uac1c "
            },
            {
                "material_name": "\uc2dd\uc6a9\uc720",
                "material_opecity": "\uc801\ub2f9\ub7c9 "
            },
            {
                "material_name": "\ub2e4\uc9c4\ub9c8\ub298",
                "material_opecity": "1\uc2a4\ud47c "
            },
            {
                "material_name": "\uace0\ucd94\uc7a5",
                "material_opecity": "1/2\uc2a4\ud47c "
            },
            {
                "material_name": "\uc9c4\uac04\uc7a5",
                "material_opecity": "1/2\uc2a4\ud47c "
            },
            {
                "material_name": "\ub9e4\uc2e4",
                "material_opecity": "1\uc2a4\ud47c "
            },
            {
                "material_name": "\uccad\uc8fc",
                "material_opecity": "1\uc18c\uc8fc\ucef5 "
            },
            {
                "material_name": "\uc124\ud0d5",
                "material_opecity": "2\uc2a4\ud47c "
            },
            {
                "material_name": "\uc62c\ub9ac\uace0\ub2f9\ub610\ub294\ubb3c\uc5ff",
                "material_opecity": "1\uc2a4\ud47c "
            },
            {
                "material_name": "\ucc38\uae30\ub984",
                "material_opecity": "\uc801\ub2f9\ub7c9 "
            },
            {
                "material_name": "\ud1b5\uae68",
                "material_opecity": "\uc801\ub2f9\ub7c9 "
            }
        ]
    },
    {
        "_id": "660ca3d79b7a9e791d467893",
        "recipe_title": "1\uc77c1\ubc18\ucc2c \ubc45\uc5b4\ud3ec\uad6c\uc774 ",
        "recipe_img_url": "https://recipe1.ezmember.co.kr/cache/recipe/2017/12/08/dae44227e542c656f290789d8c9dfb681.jpg",
        "recipe_steps": [
            {
                "recipe_step_content": "\ub0c9\ub3d9\uc2e4\uc5d0 \uc788\ub358 \ubc45\uc5b4\ud3ec 3\uc7a5.",
                "recipe_step_img": "https://recipe1.ezmember.co.kr/cache/recipe/2017/12/08/4cb278b5d4156b8686a7bfd4f7ec4fe61.jpg"
            },
            {
                "recipe_step_content": "\ub9c8\ub978\ud32c\uc5d0 \ubc45\uc5b4\ud3ec\ub97c \uad6c\uc6cc\uc8fc\uc138\uc694.\n\uadf8\ub7fc \uc7a1\ub0c4\uc0c8\ub3c4 \uc5c6\uc5b4\uc9c0\uace0~\n\ubc14\uc0ad\ubc14\uc0ad~~~",
                "recipe_step_img": "https://recipe1.ezmember.co.kr/cache/recipe/2017/12/08/9dcab057797d83be0deebfc43ea844921.jpg"
            },
            {
                "recipe_step_content": "\ubc14\uc0ad\ubc14\uc0ad \uad6c\uc6cc\uc9c4 \ubc45\uc5b4\ud3ec\ub294 \uba39\uae30\uc88b\uac8c \uc798\ub77c\uc90d\ub2c8\ub2e4.\n\uc544\ub2c8\uc544\ub2c8...\uc790\ub974\ub294\ub370 \uace0\uc0ac\ub9ac\uc190 \ub450\uac1c\uac00 \uc654\ub2e4\uac14\ub2e4.\n\uae08\uc0c8 \ud55c\uc7a5 \ud074\ub9ac\uc5b4.",
                "recipe_step_img": "https://recipe1.ezmember.co.kr/cache/recipe/2017/12/08/ba22718dd791b861040f6dac1a9d24dc1.jpg"
            },
            {
                "recipe_step_content": "\uc694\ub807\uac8c \ub124\ubaa8\ub124\ubaa8\ud558\uac8c \uc798\ub77c\uc8fc\uc138\uc694~",
                "recipe_step_img": "https://recipe1.ezmember.co.kr/cache/recipe/2017/12/08/4a033ce3ff3510c1894bf9e8f9d3d4841.jpg"
            },
            {
                "recipe_step_content": "\ucf00\ucc391\ud070\uc220, \uc124\ud0d51\ud070\uc220, \uac04\uc7a51\uc791\uc740\uc220, \ucc38\uae30\ub9841\uc791\uc740\uc220\n\ub123\uace0 \uc591\ub150\uc744 \ubc14\uae00\ubc14\uae00 \ub053\uc5ec\uc8fc\uc138\uc694.",
                "recipe_step_img": "https://recipe1.ezmember.co.kr/cache/recipe/2017/12/08/b7ed719284246306944410f54a1288601.jpg"
            },
            {
                "recipe_step_content": "\ub2e8\ub9db\uc740 \ub9c8\uc9c0\ub9c9\uc5d0 \uc62c\ub9ac\uace0\ub2f9\uc73c\ub85c \ucca8\uac00\ud574\uc11c \uc870\uc808\ud574\uc8fc\uc138\uc694.",
                "recipe_step_img": "https://recipe1.ezmember.co.kr/cache/recipe/2017/12/08/11aff7e3009fa3c2d2f00760e06dc7151.jpg"
            },
            {
                "recipe_step_content": "\uad6c\uc6cc\uc11c \uc798\ub77c\ub193\uc740 \ubc45\uc5b4\ud3ec\uc5d0\n\ubc14\uae00\ubc14\uae00 \ub053\uc778 \uc591\ub150\uc7a5\uc744 \ubc1c\ub77c\uc8fc\uc2dc\uba74 \ub429\ub2c8\ub2e4.\n\uc591\ub150 \ubc14\ub974\uace0 \ub610 \ud55c\ubc88 \uad6c\uc6cc\uc8fc\uc5b4\ub3c4 \ub418\uc9c0\ub9cc...\n\uad73~~\uc774 \uc548\uad6c\uc6cc\uc918\ub3c4 \ub418\uc694~~",
                "recipe_step_img": "https://recipe1.ezmember.co.kr/cache/recipe/2017/12/08/d901dd5c992cfaafbcc085c936c6ce261.jpg"
            }
        ],
        "recipe_material_list": [
            {
                "material_name": "\ubc45\uc5b4\ud3ec",
                "material_opecity": "3\uc7a5 "
            },
            {
                "material_name": "\uc124\ud0d5",
                "material_opecity": "1\ud070\uc220 "
            },
            {
                "material_name": "\ub2e4\uc9c4\ub9c8\ub298",
                "material_opecity": "1\uc791\uc740\uc220 "
            },
            {
                "material_name": "\ub9db\uc220",
                "material_opecity": "1\ud070\uc220 "
            },
            {
                "material_name": "\uace0\ucd94\uc7a5",
                "material_opecity": "1/2\ud070\uc220 "
            },
            {
                "material_name": "\ucf00\ucc39",
                "material_opecity": "1\ud070\uc220 "
            },
            {
                "material_name": "\uac04\uc7a5",
                "material_opecity": "1\uc791\uc740\uc220 "
            },
            {
                "material_name": "\ucc38\uae30\ub984",
                "material_opecity": "1\uc791\uc740\uc220 "
            }
        ]
    },
    {
        "_id": "660ca3d79b7a9e791d467894",
        "recipe_title": "\ubc45\uc5b4\ud3ec \uad6c\uc774 ",
        "recipe_img_url": "https://recipe1.ezmember.co.kr/cache/recipe/2015/05/30/da8a09083887ce034856f3b598b5c5e21.jpg",
        "recipe_steps": [
            {
                "recipe_step_content": "\ubc45\uc5b4\ud3ec\ub294 \uc591\uc190\uc73c\ub85c \uc2f9\uc2f9 \ubb38\uc9c8\ub7ec\uc11c \uc7a1\ud2f0\ub97c \ud138\uc5b4\ub0b4 \uc8fc\uc138\uc694.",
                "recipe_step_img": "https://recipe1.ezmember.co.kr/cache/recipe/2015/05/31/f1e2533fa9a24ca3dee9e08bf47828481.jpg"
            },
            {
                "recipe_step_content": "\ubc45\uc5b4\ud3ec \uad6c\uc774\ub97c \ud558\uae30 \uc804\uc5d0 \uc591\ub150\uc7a5\ubd80\ud130 \ub9cc\ub4e4\uc5b4 \uc8fc\uc138\uc694.",
                "recipe_step_img": "https://recipe1.ezmember.co.kr/cache/recipe/2015/05/31/9e88a2b00a085bda907561e474c7a2411.jpg"
            },
            {
                "recipe_step_content": "\ub2ec\uad70 \ud32c\uc5d0 \uc2dd\uc6a9\uc720\ub97c \ub450\ub974\uace0 \ubc45\uc5b4\ud3ec\ub97c \uc55e\ub4a4\ub85c \uc0b4\uc9dd \uad6c\uc6cc\uc8fc\uc138\uc694.",
                "recipe_step_img": "https://recipe1.ezmember.co.kr/cache/recipe/2015/05/31/64ac2f33b37f1989ab7ada58ad25d2fa1.jpg"
            },
            {
                "recipe_step_content": "\uc800\ub294 \ubc14\uc0ad\ud55c\uac8c \uc88b\uc544\uc11c \uc0b4\uc9dd \ubc14\uc0ad\ud574\uc9c0\ub3c4\ub85d \uad6c\uc6e0\uc5b4\uc694. \uc800\ub294 \uace0\uae30 \uad6c\uc6cc \uba39\ub294 \ubd88\ud310\uc5d0 \uad6c\uc6e0\uc5b4\uc694~",
                "recipe_step_img": "https://recipe1.ezmember.co.kr/cache/recipe/2015/05/31/51dbdc15d743c4e094e969f5f01119bc1.jpg"
            },
            {
                "recipe_step_content": "\uc55e\ub4a4\ub85c \uc798 \uad6c\uc6cc\uc9c0\uba74 \uc591\ub150\uc7a5\uc744 \ud55c\uba74\ub9cc \ubc1c\ub77c\uc8fc\uc138\uc694. \uc55e\ub4a4\ub85c \ubc14\ub974\uace0 \uad6c\uc6b0\uba74 \ud32c\ub3c4 \ud0c0\uace0, \ubc45\uc5b4\ud3ec\ub3c4 \ud0c8 \uc218 \uc788\uc5b4\uc694. \ud55c\ucabd\uba74\uc5d0 \uc591\ub150\uc7a5\ub97c \ubc14\ub978 \ub4a4 \ub4a4\uc9d1\uc9c0 \ub9d0\uace0 \uc0b4\uc9dd \ub354 \uad6c\uc6cc\uc8fc\uc2dc\uba74 \ub429\ub2c8\ub2e4.",
                "recipe_step_img": "https://recipe1.ezmember.co.kr/cache/recipe/2015/05/31/b0f460a1ed2026a6425588f29ce987b51.jpg"
            },
            {
                "recipe_step_content": "\uba39\uae30 \uc88b\uc740 \ud06c\uae30\ub85c \uc798\ub77c\uc11c \uc811\uc2dc\uc5d0 \ub2f4\uc544 \ub0b4\uc5b4\ub193\uc73c\uba74 \ub429\ub2c8\ub2e4. \uc800\ub294 \uc774\ub807\uac8c \uad7d\ub294 \ub3d9\uc548 \uc800\ud76c \uc544\uc774\ub4e4\uc774 \uc9c0\ucf1c\ubcf4\uace0 \uc788\ub2e4\uac00 \uba87\ubc88\uc744 \uc654\ub2e4 \uac14\ub2e4\ud558\uba70 \uc9d1\uc5b4 \uba39\ub294\uc9c0.... \uc9dc\ub2e4\uace0 \ub9d0\ub9ac\uae30\uae4c\uc9c0 \ud588\ub124\uc694~ \ubc14\uc0ad\ud558\uac8c \uad6c\uc6e0\ub354\ub2c8 \ub354 \uace0\uc18c\ud558\uace0 \ub9db\uc788\ub354\ub77c\uace0\uc694. \ub0a8\ub294 \uac83\uc740 \ubc00\ud3d0\uc6a9\uae30\uc5d0 \ub2f4\uc544 \ubcf4\uad00\ud558\uc2dc\uba74 \ub418\uc694~",
                "recipe_step_img": "https://recipe1.ezmember.co.kr/cache/recipe/2015/05/31/df2e02b086c178a38085e1672d92d2011.jpg"
            }
        ],
        "recipe_material_list": [
            {
                "material_name": "\ubc45\uc5b4\ud3ec",
                "material_opecity": "10\uc7a5 "
            },
            {
                "material_name": "\uc2dd\uc6a9\uc720",
                "material_opecity": " "
            },
            {
                "material_name": "\uace0\ucd94\uc7a5",
                "material_opecity": "1\ud070\uc220 "
            },
            {
                "material_name": "\uac04\uc7a5",
                "material_opecity": "1\ud070\uc220 "
            },
            {
                "material_name": "\uc124\ud0d5",
                "material_opecity": "1\ud070\uc220 "
            },
            {
                "material_name": "\ubb3c\uc5ff",
                "material_opecity": "1\ud070\uc220 "
            },
            {
                "material_name": "\ub9db\uc220",
                "material_opecity": "2\ud070\uc220 "
            },
            {
                "material_name": "\ub2e4\uc9c4\ub9c8\ub298",
                "material_opecity": "1/2\ud070\uc220 "
            },
            {
                "material_name": "\ucc38\uae30\ub984",
                "material_opecity": "1\ud070\uc220 "
            },
            {
                "material_name": "\uae68",
                "material_opecity": "1\ud070\uc220 "
            }
        ]
    },
    {
        "_id": "660ca3d79b7a9e791d467895",
        "recipe_title": "\uce7c\uc298\uc655 \ubc45\uc5b4\ud3ec \uc870\ub9bc \uc591\ub150 \uad6c\uc774 \uc694\ub9ac \ub9cc\ub4e4\uae30 \uc870\ub9ac\ubc95(\ub9cc\ub4dc\ub294 \ubc95)",
        "recipe_img_url": "https://recipe1.ezmember.co.kr/cache/recipe/2018/03/19/315b7cec9d8e63e58f9091d6025cfb441.jpg",
        "recipe_steps": [
            {
                "recipe_step_content": "\ub2ec\uad70 \ud32c\uc5d0 \uc62c\ub9ac\ube0c\uc720\ub97c \ub450\ub974\uace0 \ubc45\uc5b4\ud3ec\ub97c \uc62c\ub824 \uc55e\ub4a4\ub85c \ub178\ub987\ud558\uac8c \uad6c\uc6cc\uc8fc\uc138\uc694.",
                "recipe_step_img": "https://recipe1.ezmember.co.kr/cache/recipe/2018/03/19/397cff37882da89ed6b32e45b0560a5a1.jpg"
            },
            {
                "recipe_step_content": "\ubd84\ub7c9\uc758 \uc591\ub150 \uc7ac\ub8cc\ub97c \uc11e\uc5b4 \ub123\uace0 \uc911\ubd88\uc5d0\uc11c \ud55c\uc18c\ub054 \ub053\uc5ec \uc2dd\ud600\uc90d\ub2c8\ub2e4.",
                "recipe_step_img": "https://recipe1.ezmember.co.kr/cache/recipe/2018/03/19/1d55901c147d90a8cc6a48e20d9b8ebb1.jpg"
            },
            {
                "recipe_step_content": "\uad6c\uc6b4 \ubc45\uc5b4\ud3ec\uc5d0 \uc591\ub150\uc744 \uace0\ub8e8 \ubc1c\ub77c\uc8fc\uc138\uc694",
                "recipe_step_img": "https://recipe1.ezmember.co.kr/cache/recipe/2018/03/19/eab8a88efcb1cb136c4574dc70527d0e1.jpg"
            },
            {
                "recipe_step_content": "\ubc45\uc5b4\ud3ec\ub97c \uba39\uae30 \uc88b\uc740 \ud06c\uae30\ub85c \uc798\ub77c\uc90d\ub2c8\ub2e4 :)",
                "recipe_step_img": "https://recipe1.ezmember.co.kr/cache/recipe/2018/03/19/574acd89c570c30ae67e86680cd3ea911.jpg"
            },
            {
                "recipe_step_content": "\uadf8\ub987\uc5d0 \ub2f4\uc544\ub0b4\uc5b4 \ubc25\uc774\ub791 \ud55c\uadf8\ub987 \uae08\ubc29 \ub69d\ub531!\n\ud750\ud750:)\n\uc800\ub294 \ub2e4\ub978 \ub808\uc2dc\ud53c\ub85c \ub2e4\uc2dc \ub3cc\uc544\uc62c\uaed8\uc694!\n\ud55c\uc8fc \uc990\uac81\uac8c \uc2dc\uc791\ud558\uc790\uad6c\uc694 \uc6b0\ub9ac:)\n\uc528\uc720\uc468!!\n\u2665",
                "recipe_step_img": "https://recipe1.ezmember.co.kr/cache/recipe/2018/03/19/213c2ef3400491f4353e13e47a9282441.jpg"
            }
        ],
        "recipe_material_list": [
            {
                "material_name": "\ubc45\uc5b4\ud3ec",
                "material_opecity": "4\uc7a5 "
            },
            {
                "material_name": "\uc62c\ub9ac\ube0c\uc720",
                "material_opecity": "\uc57d\uac04 "
            },
            {
                "material_name": "\uace0\ucd94\uc7a5",
                "material_opecity": "2T "
            },
            {
                "material_name": "\uace0\ucda7\uac00\ub8e8",
                "material_opecity": "1/2T "
            },
            {
                "material_name": "\ubb3c\uc5ff",
                "material_opecity": "2T "
            },
            {
                "material_name": "\uac04\uc7a5",
                "material_opecity": "1/2T "
            },
            {
                "material_name": "\ub2e4\uc9c4\ub9c8\ub298",
                "material_opecity": "1/2T "
            },
            {
                "material_name": "\ucc38\uae30\ub984",
                "material_opecity": "1T "
            },
            {
                "material_name": "\ud1b5\uae68",
                "material_opecity": "1/2T "
            }
        ]
    },
    {
        "_id": "660ca3d79b7a9e791d467896",
        "recipe_title": "\ubc45\uc5b4\ud3ec\uace0\ucd94\uc7a5\uc0c1\ucd94\uc308\ubc25&\ubc45\uc5b4\ud3ec\uae40\ubc25",
        "recipe_img_url": "https://recipe1.ezmember.co.kr/cache/recipe/2015/08/25/4e943d9489c7a33ab99d1ecdc2a9f163.jpg",
        "recipe_steps": [
            {
                "recipe_step_content": "\uc57d\uace0\ucd94\uc7a5,\ub9db\uc220,\uac04\uc7a5,\uc124\ud0d5,\ucc38\uae30\ub984,\uc62c\ub9ac\uace0\ub2f9\uc744 \uc11e\uc5b4 \uace0\ucd94\uc7a5\uc591\ub150\uc744 \ub9cc\ub4e4\uc5b4 \uc8fc\uc2dc\uace0,",
                "recipe_step_img": "https://recipe1.ezmember.co.kr/cache/recipe/2015/08/25/844ef062749a5daabd4a2a259bfb229e1.jpg"
            },
            {
                "recipe_step_content": "\ube44\ub2d0\ubd09\ud22c\uc5d0 \ubc45\uc5b4\ud3ec3\uc7a5\uc744 \ub123\uace0 \uc798\uac8c \ubd80\uc218\uc5b4 \uc8fc\uc138\uc694.",
                "recipe_step_img": "https://recipe1.ezmember.co.kr/cache/recipe/2015/08/25/466b7da356396899b4b3de85e6906de31.jpg"
            },
            {
                "recipe_step_content": "\uace0\ucd94\uc7a5\uc591\ub150 3\ud070\uc220\uc744 \ud6c4\ub77c\uc774\ud32c\uc5d0 \ub123\uace0 \ubc14\uae00\ubc14\uae00 \ub053\uc73c\uba74 \ubd80\uc234\ub193\uc740 \ubc45\uc5b4\ud3ec\ub97c \ub123\uc5b4\uc8fc\uc138\uc694.",
                "recipe_step_img": "https://recipe1.ezmember.co.kr/cache/recipe/2015/08/25/47f0baa902934a1e10e79bbed2a363e51.jpg"
            },
            {
                "recipe_step_content": "\ubc45\uc5b4\ud3ec\ub97c \uc7ac\ube68\ub9ac \ubcf6\uc740\ud6c4\uc5d0 \uc62c\ub9ac\uace0\ub2f91\ud070\uc220\uc744 \ub354 \ub123\uc5b4 \uc11e\uc5b4\uc8fc\uc2dc\uace0, \ubcfc\uc5d0 \ubc25\uc744 \ub123\uace0 \ucc38\uae30\ub984,\ud1b5\uae68,\uc18c\uae08\uc744 \ub123\uace0 \uc11e\uc5b4\uc8fc\uc138\uc694.",
                "recipe_step_img": "https://recipe1.ezmember.co.kr/cache/recipe/2015/08/25/9455753ebd8d54fc0520017e248e761c1.jpg"
            },
            {
                "recipe_step_content": "\ubcf6\uc740 \ubc45\uc5b4\ud3ec\ub97c \ub123\uace0 \uc11e\uc740\ub2e4\uc74c \ub3d9\uae00\ub3d9\uae00 \uc8fc\uba39\ubc25\uc744 \ub9cc\ub4e4\uc5b4\uc8fc\uc138\uc694.",
                "recipe_step_img": "https://recipe1.ezmember.co.kr/cache/recipe/2015/08/25/8c83f7d74d275839c3323c39bbf8c7991.jpg"
            },
            {
                "recipe_step_content": "\uc0c1\ucd94\ub294 \uae68\ub057\uc774 \uc53b\uc5b4 \ubb3c\uae30\uc81c\uac70\ud6c4\uc5d0 \ubc45\uc5b4\ud3ec\uc8fc\uba39\ubc25\uc744 \ud55c\uac1c\uc529 \uac10\uc2f8\uc8fc\uc2dc\uace0 \uc0c8\uc2f9 \uc62c\ub9ac\uace0 \uc57d\uace0\ucd94\uc7a5\uc73c\ub85c \ud3ec\uc778\ud2b8~",
                "recipe_step_img": "https://recipe1.ezmember.co.kr/cache/recipe/2015/08/25/d906690703444a7556aa67701cb599f7.jpg"
            },
            {
                "recipe_step_content": "\ub0a8\uc544\uc788\ub294 \uace0\ucd94\uc7a5\uc591\ub150\uc744 \ubd93\uc73c\ub85c \ubc45\uc5b4\ud3ec\uc5d0 \ub367\ubc14\ub978\ud6c4\uc5d0",
                "recipe_step_img": "https://recipe1.ezmember.co.kr/cache/recipe/2015/08/25/95a9cf875d87a00c8e1e86762b06a806.jpg"
            },
            {
                "recipe_step_content": "\uc624\ube10 \uadf8\ub9b4\ub2e8\uc5d0 \ub123\uace0 1\ubd84 \uad6c\uc6b4\ud6c4 \ub4a4\uc9d1\uc5d0 1\ubd84 \uad6c\uc6cc\uc8fc\uc138\uc694. \n\ub108\ubb34 \ub9ce\uc774 \uad6c\uc6b0\uba74 \ud0c8 \uc218 \uc788\uc73c\ub2c8\uae50 \uc8fc\uc758\ud558\uc138\uc694.\n\ud6c4\ub77c\uc774\ud32c\uc73c\ub85c \uad6c\uc6cc\uc8fc\uc154\ub3c4 \uc88b\uc544\uc694\uc624\ube10",
                "recipe_step_img": "https://recipe1.ezmember.co.kr/cache/recipe/2015/08/25/21b1a959bf198d3b55cd04b2e8ececb21.jpg"
            },
            {
                "recipe_step_content": "\ubcfc\uc5d0 \ubc25\ud55c\uacf5\uae30\ub97c \ub123\uace0 \ud1b5\uae68,\ucc38\uae30\ub984 \ub123\uace0 \uc11e\uc5b4\uc8fc\uc2dc\uace0, \n\uae40\ubc1c\uc704\uc5d0 \ub7a9\uc744 \ud3b4 \uae54\uace0 \uae40\uc744 \uc62c\ub824\ub193\uace0 \ubc45\uc5b4\ud3ec\ub97c \uc798\ub77c \uc62c\ub824\ub193\uace0 \ub2e8\ubb34\uc9c0,\uc624\uc774,\uc6b0\uc5c9\uc744 \uc62c\ub824\ub193\uc740\ud6c4\uc5d0 \ub7a9\ucc44\ub85c \ub3cc\ub3cc \ub9d0\uc544\uc8fc\uc2e0\ud6c4",
                "recipe_step_img": "https://recipe1.ezmember.co.kr/cache/recipe/2015/08/25/ed88229597de8d6a35d01ec6610e181b1.jpg"
            },
            {
                "recipe_step_content": "\ub7a9\ucc44\ub85c \uc370\uc5b4\uc8fc\uc138\uc694.\n\ubc45\uc5b4\ud3ec\ub97c \uae40\ubcf4\ub2e4 \uc791\uac8c \uc798\ub77c \uc0ac\uc6a9\ud558\uc138\uc694.",
                "recipe_step_img": "https://recipe1.ezmember.co.kr/cache/recipe/2015/08/25/58c2299d8b4e634a2e525067e953f903.jpg"
            }
        ],
        "recipe_material_list": [
            {
                "material_name": "\ubc45\uc5b4\ud3ec",
                "material_opecity": "3\uc7a5 "
            },
            {
                "material_name": "\ubc25",
                "material_opecity": "2\uacf5\uae30 "
            },
            {
                "material_name": "\uc0c1\ucd94",
                "material_opecity": "\uc801\ub2f9\ub7c9 "
            },
            {
                "material_name": "\uc0c8\uc2f9",
                "material_opecity": "\uc57d\uac04 "
            },
            {
                "material_name": "\ud1b5\uae68",
                "material_opecity": "\uc57d\uac04 "
            },
            {
                "material_name": "\uc18c\uae08",
                "material_opecity": "\uc57d\uac04 "
            },
            {
                "material_name": "\ucc38\uae30\ub984",
                "material_opecity": "1\uc791\uc740\uc220 "
            },
            {
                "material_name": "\uc62c\ub9ac\uace0\ub2f9",
                "material_opecity": "1\ud070\uc220 "
            },
            {
                "material_name": "\uc624\uc774\uc36c\uac70",
                "material_opecity": "4\uac1c "
            },
            {
                "material_name": "\ub2e8\ubb34\uc9c0",
                "material_opecity": "2\uac1c "
            },
            {
                "material_name": "\uae40",
                "material_opecity": "2\uac1c "
            },
            {
                "material_name": "\uc57d\uace0\ucd94\uc7a5\uace0\ucd94\uc7a5\ub300\uccb4\uac00\ub2a5",
                "material_opecity": "\uc57d\uac04 "
            },
            {
                "material_name": "\ub9db\uc220",
                "material_opecity": "2\ud070\uc220 "
            },
            {
                "material_name": "\uc124\ud0d5",
                "material_opecity": "1\ud070\uc220 "
            },
            {
                "material_name": "\uac04\uc7a5",
                "material_opecity": "1\ud070\uc220 "
            },
            {
                "material_name": "\ud3ec\ub3c4\uc528\uc720",
                "material_opecity": "1\ud070\uc220 "
            }
        ]
    },
    {
        "_id": "660ca3d79b7a9e791d467897",
        "recipe_title": "\ubc45\uc5b4\ud3ec \ubcf6\uc74c",
        "recipe_img_url": "https://recipe1.ezmember.co.kr/cache/recipe/2015/06/03/b5f5dd4140de4c21bfe808b09ee7fd6a1.jpg",
        "recipe_steps": [
            {
                "recipe_step_content": "\ubc45\uc5b4\ud3ec\ub97c \uba39\uae30 \uc88b\uac8c \uac00\uc704\ub85c \uac08\ub77c\uc8fc\uc138\uc694.",
                "recipe_step_img": "https://recipe1.ezmember.co.kr/cache/recipe/2015/06/03/ac5606eca911b49c373d9f87542a2e5f1.jpg"
            },
            {
                "recipe_step_content": "\ub2ec\uad88\uc9c4 \ud6c4\ub77c\uc774\ud39c\uc5d0 \uc62c\ub9ac\ube0c\uc720 \ud55c\uc2a4\ud508 \ub123\uace0\uc11c \ubc45\uc5b4\ud3ec\ub97c \ub123\uc5b4\uc90d\ub2c8\ub2e4.",
                "recipe_step_img": "https://recipe1.ezmember.co.kr/cache/recipe/2015/06/03/f40ed9f450d588a31d3f3e0fa102c7f61.jpg"
            },
            {
                "recipe_step_content": "\ub178\ub987\ub178\ub987 \ub9db\uc788\uc5b4 \ubcf4\uc774\ub294 \uc0c9\uc73c\ub85c \ubcf6\uc544\uc90d\ub2c8\ub2e4.",
                "recipe_step_img": "https://recipe1.ezmember.co.kr/cache/recipe/2015/06/03/77e4a9820d22358b7ee9a00c80e3afb81.jpg"
            },
            {
                "recipe_step_content": "\ub178\ub987\ub178\ub987 \ub9db\uc788\uac8c \ubcf6\uc544\uc84c\ub2e4\ub294 \uc0dd\uac01\uc774 \ub4e4\ub54c\ucbe4 \ubb3c\uc5ff\uc744 \ub123\uace0 \ubcf6\uc544\uc8fc\uc138\uc694.",
                "recipe_step_img": "https://recipe1.ezmember.co.kr/cache/recipe/2015/06/03/53961bad2223f883e337250df56a8f3e1.jpg"
            },
            {
                "recipe_step_content": "\uc724\uae30 \uc894\uc894 \ud750\ub974\ub294 \ub9db\uc788\ub294 \ubc45\uc5b4\ud3ec\uac00 \uc644\uc131\ub418\uc5c8\uc2b5\ub2c8\ub2e4.",
                "recipe_step_img": "https://recipe1.ezmember.co.kr/cache/recipe/2015/06/03/d3b2b06fd8e8f41250abe0bc79be093a1.jpg"
            }
        ],
        "recipe_material_list": [
            {
                "material_name": "\ubc45\uc5b4\ud3ec",
                "material_opecity": " "
            },
            {
                "material_name": "\uc62c\ub9ac\ube0c\uc720",
                "material_opecity": "1\uc2a4\ud47c "
            },
            {
                "material_name": "\ubb3c\uc5ff",
                "material_opecity": "1\ubc25\uc21f\uac00\ub77d "
            }
        ]
    },
    {
        "_id": "660ca3d79b7a9e791d467898",
        "recipe_title": "(\uac00\uc815\uac04\ud3b8\uc2dd) \ucac4\uae43\ucac4\uae43\ud55c \uc2dd\uac10\uc774 \uc88b\uc740 \uc804\ubcf5 \uac00\uc9c0\uad6c\uc774 \uc2a4\ud14c\uc774\ud06c",
        "recipe_img_url": "https://recipe1.ezmember.co.kr/cache/recipe/2019/05/31/b79b14c8501573c3724cd7131a58488a1.jpg",
        "recipe_steps": [
            {
                "recipe_step_content": "\uc7ac\ub8cc \uc900\ube44 \ud574 \uc8fc\uc138\uc694",
                "recipe_step_img": "https://recipe1.ezmember.co.kr/cache/recipe/2019/05/31/67345cfade242565fd1cb1c5a161e7e51.jpg"
            },
            {
                "recipe_step_content": "\uac00\uc9c0\ub294 0.5 \uc815\ub3c4 \ub450\uaed8\ub85c\n\uc5b4\uc2b7 \uc370\uc5b4 \uc8fc\uc138\uc694",
                "recipe_step_img": "https://recipe1.ezmember.co.kr/cache/recipe/2019/05/31/e5348e0eb9d0b098fd6034e7f4dbd8d81.jpg"
            },
            {
                "recipe_step_content": "\ud32c\uc774 \uc57d\uac04 \ub2ec\uad6c\uc5b4 \uc84c\uc73c\uba74\n\uac00\uc9c0\ub97c \uc62c\ub824 \uc8fc\uace0 ~\n\uc740\uadfc\ud55c \uc57d\ubd88\ub85c \uc904\uc5ec \uc8fc\uc138\uc694",
                "recipe_step_img": "https://recipe1.ezmember.co.kr/cache/recipe/2019/05/31/5c600a453f6f5e03ef39a555c7b9ae281.jpg"
            },
            {
                "recipe_step_content": "\uc55e\ub4a4\ub85c \uad6c\uc6cc \uc8fc\uc138\uc694\n(\ud0c0\uc9c0 \uc54a\uac8c \uc740\uadfc\ud55c \uc57d\ubd88\uc785\ub2c8\ub2e4)",
                "recipe_step_img": "https://recipe1.ezmember.co.kr/cache/recipe/2019/05/31/7cbab8bd5aa423875a3e3aff054c5a0a1.jpg"
            },
            {
                "recipe_step_content": "\ub178\ub987\ub178\ub987 \uad6c\uc6cc \uc84c\uc73c\uba74 ~",
                "recipe_step_img": "https://recipe1.ezmember.co.kr/cache/recipe/2019/05/31/3eb0c088d9b799e3b3092126327c20491.jpg"
            },
            {
                "recipe_step_content": "\uc811\uc2dc\uc5d0 \ub2f4\uc544 \uc8fc\uace0 ~",
                "recipe_step_img": "https://recipe1.ezmember.co.kr/cache/recipe/2019/05/31/eefda1783746c3ce02b907d4385c29dd1.jpg"
            },
            {
                "recipe_step_content": "\uc591\ud30c\ub294 \ucc44 \uc370\uace0\n\ub9c8\ub298\uc740 \uc2ac\ub77c\uc774\uc2a4 \uc370\uc5b4 \uc8fc\uace0\n\uc804\ubcf5\uc740 \uae68\ub057\uc774 \uc190\uc9c8\ud558\uc5ec\n\ubc8c\uc9d1\ubaa8\uc591\uc73c\ub85c \uce7c\uc9d1\uc744 \ub0b4 \uc8fc\uc138\uc694\uc804\ubcf5 \uc190\uc9c8\ubc95 \ub808\uc2dc\ud53c",
                "recipe_step_img": "https://recipe1.ezmember.co.kr/cache/recipe/2019/05/31/eac2068889212d678ecf703036dfc17b1.jpg"
            },
            {
                "recipe_step_content": "\uad81\uc911\ud32c\uc5d0 \n\uc62c\ub9ac\ube0c\uc624\uc77c \ub123\uace0 ~",
                "recipe_step_img": "https://recipe1.ezmember.co.kr/cache/recipe/2019/05/31/0af697114f8073d80030fc1e82223e591.jpg"
            },
            {
                "recipe_step_content": "\uc591\ud30c\ub97c \ub123\uc5b4 \ubcf6\uc544 \uc8fc\uc138\uc694",
                "recipe_step_img": "https://recipe1.ezmember.co.kr/cache/recipe/2019/05/31/f302ec4c403570de6c7b4f9a45605d1d1.jpg"
            },
            {
                "recipe_step_content": "\uc591\ud30c\uac00 \ud22c\uba85\ud558\uac8c \ubcf6\uc544 \uc84c\uc73c\uba74\n\uac00\uc9c0\ub97c \ub123\uc5b4 \ud718\ub9ac\ub9ad\n\ubcf6\uc544 \uc8fc\uace0 \ubd88\uc744 \ub044\uc138\uc694\n\uc811\uc2dc\uc5d0 \ub2f4\uc544 \ub193\uace0 ~",
                "recipe_step_img": "https://recipe1.ezmember.co.kr/cache/recipe/2019/05/31/4edb47899ad18fdf204b2ac8081ba6151.jpg"
            },
            {
                "recipe_step_content": "\ud32c\uc5d0 \ubc84\ud130\ub97c \ub123\uace0\n\ub179\uc73c\uba74 \uc2ac\ub77c\uc774\uc2a4 \uc370\uc740\n\ub9c8\ub298\uc744 \uc0b4\uc9dd \ubcf6\uc544 \uc8fc\uace0 ~",
                "recipe_step_img": "https://recipe1.ezmember.co.kr/cache/recipe/2019/05/31/24075b5294dcc4945f4659f641ac7a121.jpg"
            },
            {
                "recipe_step_content": "\uc740\uadfc\ud55c \ubd88\uc5d0 \n\uce7c\uc9d1 \ub0b8 \uc804\ubcf5\uc744 \ubc11\uc73c\ub85c \ud558\uc5ec\n\ud32c\uc5d0 \uc62c\ub824 \uc8fc\uc138\uc694\n(\ub9c8\ub298\ud5a5\uc774 \uc804\ubcf5\uc5d0\n\ubca0\uc5b4\uc11c \ub9db\uc788\uc5b4\uc694)",
                "recipe_step_img": "https://recipe1.ezmember.co.kr/cache/recipe/2019/05/31/5fe12e63877053c13b4aa1f5ac19334a1.jpg"
            },
            {
                "recipe_step_content": "\uc740\uadfc\ud55c \ubd88\uc5d0 \uc804\ubcf5\uc774 \n\ub178\ub987\ub178\ub987 \ud558\uac8c \n\uc775\uc5c8\uc73c\uba74 \ub4a4\uc9d1\uc5b4\uc11c \n\uc775\ud600 \uc8fc\uace0 ~\n(\ub9c8\ub298\ub3c4 \uc55e\ub4a4\ub85c \n\ub178\ub987\ub178\ub987\ud558\uac8c ~)",
                "recipe_step_img": "https://recipe1.ezmember.co.kr/cache/recipe/2019/05/31/33680e7b5dc69b5f2d5f82692eea899a1.jpg"
            },
            {
                "recipe_step_content": "\ud32c\uadf8\ub987\uc5d0 \uac00\uc9c0\uc640\uc591\ud30c \n\ub9c8\ub298\uc744 \uc62c\ub824 \uc8fc\uace0 ~",
                "recipe_step_img": "https://recipe1.ezmember.co.kr/cache/recipe/2019/05/31/776c8c8efdad2e8d3857109b87fa6bea1.jpg"
            },
            {
                "recipe_step_content": "\uc804\ubcf5\uad6c\uc6b4\uac83\ub3c4 \uc62c\ub824 \uc8fc\uace0 ~",
                "recipe_step_img": "https://recipe1.ezmember.co.kr/cache/recipe/2019/05/31/7a224041a0d16dd6017db019a633239c1.jpg"
            },
            {
                "recipe_step_content": "\uc7a5\uc2dd\uc73c\ub85c \ubca0\ub780\ub2e4\uc5d0\uc11c\n\uc798 \uc790\ub77c\uace0 \uc788\ub294\n\ud5c8\ube0c \uc78e\uc744 \uc62c\ub824 \uc8fc\uc5c8\uc5b4\uc694\n\uc548 \uc62c\ub9ac\uc154\ub3c4 \ub429\ub2c8\ub2e4 \n\uce7c\ub85c \uc798\ub77c\uc11c \ub4dc\uc2dc\uba74\n\uba39\uae30 \uc88b\uc544\uc694\n\ub2ec\ud070\ud558\uace0 \ucac4\uae43\ucac4\uae43\ud55c\uac8c\n\ub9db\uc788\uc5b4\uc694",
                "recipe_step_img": "https://recipe1.ezmember.co.kr/cache/recipe/2019/05/31/d6aea03ef808e7d63e02c24d2df4b02b1.jpg"
            }
        ],
        "recipe_material_list": [
            {
                "material_name": "\uc804\ubcf5",
                "material_opecity": "2\ub9c8\ub9ac "
            },
            {
                "material_name": "\uac00\uc9c0",
                "material_opecity": "1/2\ucabd "
            },
            {
                "material_name": "\ub9c8\ub298",
                "material_opecity": "2\ud1a8 "
            },
            {
                "material_name": "\uc591\ud30c",
                "material_opecity": "1/4\ucabd "
            },
            {
                "material_name": "\uc62c\ub9ac\ube0c\uc624\uc77c",
                "material_opecity": "1t "
            },
            {
                "material_name": "\ubc84\ud130",
                "material_opecity": "1t "
            }
        ]
    },
    {
        "_id": "660ca3d79b7a9e791d467899",
        "recipe_title": "\ubc45\uc5b4\ud3ec\uc870\ub9ac\ubc95 \ubc45\uc5b4\ud3ec\uace0\ub974\ub294\ubc95\ubd80\ud130 \uc870\ub9ac\ubc95\uae4c\uc9c0!",
        "recipe_img_url": "https://recipe1.ezmember.co.kr/cache/recipe/2021/10/19/6940138fb131f6a8779e92868f36ef631.jpg",
        "recipe_steps": [
            {
                "recipe_step_content": "\ubc45\uc5b4\ud3ec\ub294 \uc0c9\uc774 \ud558\uc597\uace0 \ub450\ud23c\ud55c \uac83\uc774 \uc539\ub294 \ub9db\uc774 \uc88b\ub2e4.",
                "recipe_step_img": "https://recipe1.ezmember.co.kr/cache/recipe/2019/02/08/b2f7bd64355c085b2c4f709c39c0ce971.jpg"
            },
            {
                "recipe_step_content": "\uba78\uce58\ubcf4\ub2e4 \uce7c\uc298\uc774 \ub9ce\uc544 \uc131\uc7a5\uae30 \uc5b4\ub9b0\uc774, \uc784\uc0b0\ubd80, \uc5b4\ub974\uc2e0 \uce7c\uc298 \ubcf4\ucda9\uc2dd\uc73c\ub85c \uc88b\ub2e4.",
                "recipe_step_img": "https://recipe1.ezmember.co.kr/cache/recipe/2019/02/08/a2fd4cf487aeb8cf68de74e237a38d591.jpg"
            },
            {
                "recipe_step_content": "\ubc45\uc5b4\ud3ec\ub97c \uae30\ub984\uc5d0 \ub178\ub987\ud558\uac8c \ud280\uaca8 \uc124\ud0d5\uc744 \ubfcc\ub9ac\uba74 \ubc14\uc0ad\ud55c \uac04\uc2dd\uc73c\ub85c",
                "recipe_step_img": "https://recipe1.ezmember.co.kr/cache/recipe/2019/02/08/caf3c87c6b5cf7043c5f065b5794ceee1.jpg"
            },
            {
                "recipe_step_content": "\ub9e4\ucf64\ud55c \uc591\ub150\uc5d0 \uc870\ub824\ub0b4\uba74 \ubc11\ubc18\ucc2c\uc73c\ub85c \uc77c\ud488\uc774\ub2e4.",
                "recipe_step_img": "https://recipe1.ezmember.co.kr/cache/recipe/2019/02/08/71143547679d2ef728a5133a75322a211.jpg"
            }
        ],
        "recipe_material_list": [
            {
                "material_name": "\ubc45\uc5b4\ud3ec",
                "material_opecity": " "
            }
        ]
    },
    {
        "_id": "660ca3d79b7a9e791d46789a",
        "recipe_title": "[\uac00\uc815\uac04\ud3b8\uc2dd] \uae50\ud48d\ub300\uad6c",
        "recipe_img_url": "https://recipe1.ezmember.co.kr/cache/recipe/2019/06/01/c446937d98c54442792bfb8b82715c571.jpg",
        "recipe_steps": [
            {
                "recipe_step_content": "\uc6b0\uc120 \ub300\uad6c\ud3ec\ub294 \ube44\ub9b0\ub0b4 \uc81c\uac70\ub97c \uc704\ud574 \ubbf8\ub9bc\uc5d0 \uc7ac\uc6cc\uc8fc\uc138\uc694",
                "recipe_step_img": "https://recipe1.ezmember.co.kr/cache/recipe/2019/06/01/3923d52fe2e9fb3bb7af24817139468d1.jpg"
            },
            {
                "recipe_step_content": "\uae30\ub984\uc744 160\ub3c4\ub85c \uc608\uc5f4\ud574\uc90d\ub2c8\ub2e4.",
                "recipe_step_img": "https://recipe1.ezmember.co.kr/cache/recipe/2019/06/01/2ef092993e2125cc7ac8fba03d842fe41.jpg"
            },
            {
                "recipe_step_content": "\uadf8 \ud6c4 \uc900\ube44\ub418\uc5b4 \uc788\ub294 \uc57c\ucc44\uc911 \uc591\ud30c\ub294 \ucc44\uc370\uace0 \ub098\uba38\uc9c0\ub294 \ubaa8\ub450 \ub2e4\uc838\uc8fc\uc138\uc694.",
                "recipe_step_img": "https://recipe1.ezmember.co.kr/cache/recipe/2019/06/01/ab94aefe5834f24221df062c492fb80a1.jpg"
            },
            {
                "recipe_step_content": "\uadf8 \ud6c4 \ub300\uad6c\ub97c \ud280\uae30\uae30 \uc704\ud55c \ud280\uae40\uc637\uc744 \uc900\ube44\ud574\uc8fc\uc138\uc694.",
                "recipe_step_img": "https://recipe1.ezmember.co.kr/cache/recipe/2019/06/01/9f82d122be3f41ebe187cd0f20af4ec21.jpg"
            },
            {
                "recipe_step_content": "\ud280\uae40\uc637 \uc644\uc131 \ud6c4 \uc7ac\uc6cc\ub454 \ub300\uad6c\ub294 \ud0a4\uce5c\ud0c0\uc62c\ub85c \ubb3c\uae30\ub97c \uc81c\uac70\ud574\uc90d\ub2c8\ub2e4.",
                "recipe_step_img": "https://recipe1.ezmember.co.kr/cache/recipe/2019/06/01/b4e80022f21d4f556ec5f1ca3256f4951.jpg"
            },
            {
                "recipe_step_content": "\ub300\uad6c\uc5d0 \ud280\uae40\uc637\uc744 \uc785\ud78c \ud6c4 \ub178\ub987\ub178\ub987\ud558\uac8c \ud280\uaca8\uc90d\ub2c8\ub2e4.",
                "recipe_step_img": "https://recipe1.ezmember.co.kr/cache/recipe/2019/06/01/642e1499d117fc484053a03d5ecb081e1.jpg"
            },
            {
                "recipe_step_content": "\uadf8 \ud6c4 \uc591\ud30c \uc2dd\ucd08\ub97c \uc81c\uc678\ud55c \ubaa8\ub4e0 \uc7ac\ub8cc\ub97c \ub123\uc740 \ud6c4 \ubcf6\uc544\uc90d\ub2c8\ub2e4.",
                "recipe_step_img": "https://recipe1.ezmember.co.kr/cache/recipe/2019/06/01/a35ecfba087215708eb595ea222233f01.jpg"
            },
            {
                "recipe_step_content": "\ud32c\uc5d0\uc11c \ud5a5\uc774 \uc62c\ub77c\uc624\uba74 \ub300\uad6c\ud280\uae40\uacfc \uc591\ud30c\ub97c \ub123\uace0 \ubcf6\uc544\uc90d\ub2c8\ub2e4.",
                "recipe_step_img": "https://recipe1.ezmember.co.kr/cache/recipe/2019/06/01/0030a61a1abf3757469c1415e8ebf5921.jpg"
            },
            {
                "recipe_step_content": "\ub300\uad6c\ud280\uae40\uc5d0 \uc591\ub150\uc774 \ubb3b\uc73c\uba74 \uc2dd\ucd08\ub97c \ub123\uace0 \ubcf6\uc544\uc8fc\uba74 \ub05d\uc774 \ub0a9\ub2c8\ub2e4.",
                "recipe_step_img": "https://recipe1.ezmember.co.kr/cache/recipe/2019/06/01/0c8c4390f947e9756e6594255be990301.jpg"
            }
        ],
        "recipe_material_list": [
            {
                "material_name": "\ub300\uad6c\ud3ec",
                "material_opecity": "300g "
            },
            {
                "material_name": "\uc591\ud30c",
                "material_opecity": "1/4\uac1c "
            },
            {
                "material_name": "\ub9c8\ub298",
                "material_opecity": "2\uac1c "
            },
            {
                "material_name": "\uc0dd\uac15",
                "material_opecity": "1/3\uac1c "
            },
            {
                "material_name": "\ud280\uae40\uac00\ub8e8",
                "material_opecity": "6\ud070\uc220 "
            },
            {
                "material_name": "\uc804\ubd84\uac00\ub8e8",
                "material_opecity": "1\ud070\uc220 "
            },
            {
                "material_name": "\uace0\ucd94\uae30\ub984",
                "material_opecity": "4T "
            },
            {
                "material_name": "\uac04\uc7a5",
                "material_opecity": "2T "
            },
            {
                "material_name": "\uc2dd\ucd08",
                "material_opecity": "1T "
            },
            {
                "material_name": "\uc124\ud0d5",
                "material_opecity": "1T "
            },
            {
                "material_name": "\ub9db\uc220",
                "material_opecity": "100ml "
            }
        ]
    },
    {
        "_id": "660ca3d79b7a9e791d46789b",
        "recipe_title": "\ud6c4\ub2e4\ub2e5 \ubc18\ucc2c \ub9cc\ub4e4\uae30 -> \uce7c\uc298\uc758 \uc655!!!! \ubf08 \uac74\uac15\uc744 \uc9c0\ucf1c\uc904 << \ubc45\uc5b4\ud3ec \uad6c\uc774 >>",
        "recipe_img_url": "https://recipe1.ezmember.co.kr/cache/recipe/2017/07/13/b44474f8d7782b4317ddd4515c4ef6921.jpg",
        "recipe_steps": [
            {
                "recipe_step_content": "\ubc45\uc5b4\ud3ec\ub97c \uac00\ub85cx \uc138\ub85c 5x6cm \uc815\ub3c4\ub85c \uc798\ub77c\uc900 \ub4a4 2\uc7a5 \ubd84\ub7c9\uc744 \ud504\ub77c\uc774\ud32c\uc5d0 \uace0\ub8e8 \uc62c\ub9ac\uace0 \uc62c\ub9ac\ube0c \uc624\uc77c\uc744 \ud55c \ud070\uc220 \ub123\uc5b4 \uc57d\ubd88\uc5d0\uc11c \ub4a4\uc801\ub4a4\uc801 \uad6c\uc6cc\uc8fc\uc138\uc694~",
                "recipe_step_img": "https://recipe1.ezmember.co.kr/cache/recipe/2017/07/13/3a9324b448e6234b5d879416410328bd1.jpg"
            },
            {
                "recipe_step_content": "\ub178\ub987\ud558\uac8c \uad6c\uc6cc\uc9c4 \ubc45\uc5b4\ud3ec\uc5d0 \uc62c\ub9ac\uace0\ub2f9 1 1/2\ud070\uc220 \ub123\uc5b4 \ub4a4\uc801\ub4a4\uc801 \uad6c\uc6cc\uc8fc\uc138\uc694.",
                "recipe_step_img": "https://recipe1.ezmember.co.kr/cache/recipe/2017/07/13/a6d026f882c9a893078a7e0a449af86c1.jpg"
            },
            {
                "recipe_step_content": "\ud1b5\uae68\ub97c \ub123\uc5b4 \uace0\ub8e8 \uc11e\uc5b4\uc8fc\uba74 \uc644\uc131!!",
                "recipe_step_img": "https://recipe1.ezmember.co.kr/cache/recipe/2017/07/13/faf45ade39aae3eddaa4c79671bce6f31.jpg"
            },
            {
                "recipe_step_content": "\ub113\uc740 \uc7c1\ubc18\uc5d0 \ud3b4\ub193\uace0 \uc2dd\ud788\uba74 \ubc14\uc0ad~ \ub2ec\ucf64\ud55c \ubc45\uc5b4\ud3ec\uad6c\uc774 \uc644\uc131\uc785\ub2c8\ub2e4~!! (6\uc7a5\uc744 2\uc7a5\uc529 \ub098\ub220 3\ubc88\uc5d0 \uac78\uccd0 \uc774 \uacfc\uc815\uc744 \ubc18\ubcf5\ud574\uc8fc\uc2dc\uba74 \ub418\uc694~)",
                "recipe_step_img": "https://recipe1.ezmember.co.kr/cache/recipe/2017/07/13/d4d617c41bbf838be038c8a08e846ac31.jpg"
            }
        ],
        "recipe_material_list": [
            {
                "material_name": "\ubc45\uc5b4\ud3ec",
                "material_opecity": "6\uc7a5 "
            },
            {
                "material_name": "\uc62c\ub9ac\ube0c\uc624\uc77c",
                "material_opecity": "3\ud070\uc220 "
            },
            {
                "material_name": "\uc62c\ub9ac\uace0\ub2f9",
                "material_opecity": "4+1/2\ud070\uc220 "
            },
            {
                "material_name": "\ud1b5\uae68",
                "material_opecity": "1\ud070\uc220 "
            }
        ]
    },
    {
        "_id": "660ca3d79b7a9e791d46789c",
        "recipe_title": "\ubc14\uc0ad\ud55c \ubc45\uc5b4\ud3ec\uad6c\uc774",
        "recipe_img_url": "https://recipe1.ezmember.co.kr/cache/recipe/2018/07/19/7e22cc4c537d599b48d753d4495d901a1.jpg",
        "recipe_steps": [
            {
                "recipe_step_content": "\uc138\uac00\uc9c0 \uae30\ub984\uc744 1:1:1 \ube44\uc728\ub85c \uc11e\uc5b4\uc90d\ub2c8\ub2e4.",
                "recipe_step_img": "https://recipe1.ezmember.co.kr/cache/recipe/2018/07/20/250d1e00254886b11124e1486dc7af421.jpg"
            },
            {
                "recipe_step_content": "\ud55c\uc7a5 \ubc14\ub974\uace0 \ub450\uc7a5 \ubc14\ub974\uace0 \uc138\uc7a5\ub3c4 \uaf3c\uaf3c\ud558\uac8c \ubc1c\ub77c\uc90d\ub2c8\ub2e4.",
                "recipe_step_img": "https://recipe1.ezmember.co.kr/cache/recipe/2018/07/20/5c5587e731f840c254e85bfbfd012d001.jpg"
            },
            {
                "recipe_step_content": "\uad6c\uc11d\uad6c\uc11d \ubc14\uc0ad\ud558\uac8c \uc798 \uad6c\uc6b0\ub824\uace0 \ubc18\uc744 \uc798\ub790\uc5b4\uc694. \uc591\uc774 \ub9ce\uc558\ub2e4\uba74 \uc790\ub974\uc9c0 \uc54a\uace0 \uad6c\uc6e0\uaca0\uc8e0. ^^",
                "recipe_step_img": "https://recipe1.ezmember.co.kr/cache/recipe/2018/07/20/b2a013941356781e7e3ef4b57f4335541.jpg"
            },
            {
                "recipe_step_content": "\ub2ec\uad70 \ud32c\uc5d0 \uc55e\ub4a4\ub85c \uad6c\uc6cc\uc90d\ub2c8\ub2e4. \ud0c0\uc9c0 \uc54a\uace0 \ub178\ub987\ud558\uac8c ~ \ubc45\uc5b4\ud3ec\uad6c\uc774\uc758 \ub9db\uc744 \uacb0\uc815\ud558\ub294 \uac74 \uad7d\uae30\uc778\ub4ef\ud569\ub2c8\ub2e4.",
                "recipe_step_img": "https://recipe1.ezmember.co.kr/cache/recipe/2018/07/20/6298775c41720c8d3e8ed09cc67f5edf1.jpg"
            },
            {
                "recipe_step_content": "\uc18c\uae08\uacfc \uc124\ud0d5\uc744 \uc801\uc808\ud788 \uace0\ub974\uac8c \ubc45\uc5b4\ud3ec\uc5d0 \ubfcc\ub824\uc90d\ub2c8\ub2e4. \uc5b4\uba38\ub098 \uc0ac\uc9c4\ub9cc \ubd10\ub3c4 \uc88b\uc74c.",
                "recipe_step_img": "https://recipe1.ezmember.co.kr/cache/recipe/2018/07/20/678e5f4b177cf8ffc05754d84319f5241.jpg"
            },
            {
                "recipe_step_content": "\uba39\uae30 \uc88b\uc740 \ud06c\uae30\ub85c \uac00\uc704\ub85c \uc798\ub77c\uc8fc\uc138\uc694. \uc5bc\ub9c8 \uc548 \ub418\ub294 \uc591\uc778\ub370 \uc790\ub974\uba74\uc11c \uba87 \uac1c\ub97c \uba39\uc740\uac74\uc9c0...\u314b\u314b",
                "recipe_step_img": "https://recipe1.ezmember.co.kr/cache/recipe/2018/07/20/f039de0ecf6161b89b4ee9e9d21b5a211.jpg"
            }
        ],
        "recipe_material_list": [
            {
                "material_name": "\ubc45\uc5b4\ud3ec",
                "material_opecity": " "
            },
            {
                "material_name": "\ucc38\uae30\ub984",
                "material_opecity": " "
            },
            {
                "material_name": "\ub4e4\uae30\ub984",
                "material_opecity": " "
            },
            {
                "material_name": "\uce74\ub180\ub77c\uc720",
                "material_opecity": " "
            },
            {
                "material_name": "\uc18c\uae08",
                "material_opecity": " "
            },
            {
                "material_name": "\uc124\ud0d5",
                "material_opecity": " "
            }
        ]
    },
    {
        "_id": "660ca3d79b7a9e791d46789d",
        "recipe_title": "\uacc4\ub780\ucc38\uce58\ubc25\uc640\ud50c~\ud3b8\uc2dd\uc774\uc2ec\ud55c \uc5b4\ub9b0\uc774\ud55c\ud14c \uc88b\uc544\uc694",
        "recipe_img_url": "https://recipe1.ezmember.co.kr/cache/recipe/2021/03/08/3b66e52686537ae175c5e826b68b97da1.jpg",
        "recipe_steps": [
            {
                "recipe_step_content": "\ub300\ud30c/\ub2f9\uadfc\uc744 \uacf1\uac8c \ub2e4\uc838\uc11c \uc900\ube44\ud574 \ub193\uace0 \ubc25\uc744 \ud070\ubcfc\uc5d0 \ub123\uace0 \ucc38\uce58\ub97c \uae30\ub984\uc744 \uc3d9\ube7c\uc11c \uc62c\ub824\uc8fc\uc2dc\uace0 \ub2e4\uc838\ub193\uc740 \ucc44\uc18c\ub97c \ub123\uace0 \uacc4\ub780\uacfc \uc18c\uae08\uc744 \ub123\uc5b4\uc8fc\uc138\uc694",
                "recipe_step_img": "https://recipe1.ezmember.co.kr/cache/recipe/2021/03/08/79f10024fa45284e70ac97fe98eca6b01.jpg"
            },
            {
                "recipe_step_content": "\uc7ac\ub8cc\uac00 \uace0\ub8e8\uc11e\uc774\uac8c \ubc25\uc774 \ubb49\uce68\uc774 \uc5c6\uac8c \ubc84\ubb34\ub824\uc8fc\uc138\uc694",
                "recipe_step_img": "https://recipe1.ezmember.co.kr/cache/recipe/2021/03/08/41fbcd0bc620dfb500564adbdb7c75171.jpg"
            },
            {
                "recipe_step_content": "\uc804\uae30\uc640\ud50c\ud32c\uc5d0 \uc62c\ub9ac\ube0c\uc720\ub97c \ubfcc\ub824\uc8fc\uc2dc\uac70\ub098 \ubc1c\ub77c\uc8fc\uc2dc\uace0",
                "recipe_step_img": "https://recipe1.ezmember.co.kr/cache/recipe/2021/03/08/d6e4a2715f9d924229aa06babc2cda2a1.jpg"
            },
            {
                "recipe_step_content": "\uc11e\uc5b4\ub193\uc740 \ubc25\uc744 \uc62c\ub824\uc8fc\uc2e0\ud6c4 \ub69c\uaed1\uc744 \ub36e\uc5b4\uc11c \ub20c\ub7ec\uc8fc\uc2dc\uace0 1\ubd84\uc744 \uac00\uc5f4\ud574\uc8fc\uc2dc\uba74",
                "recipe_step_img": "https://recipe1.ezmember.co.kr/cache/recipe/2021/03/08/b00ab33e5b51af04dcfae4307612a76c1.jpg"
            },
            {
                "recipe_step_content": "\ubc25\uc73c\ub85c \ub9cc\ub4e4\uc5b4\uc9c4 \ubc25\uc640\ud50c\uc774 \uc644\uc131\uc774 \ub418\ub124\uc694",
                "recipe_step_img": "https://recipe1.ezmember.co.kr/cache/recipe/2021/03/08/27506acb5e2bb6b64b43717d029fecce1.jpg"
            }
        ],
        "recipe_material_list": [
            {
                "material_name": "\ucc2c\ubc25",
                "material_opecity": "200g "
            },
            {
                "material_name": "\ub2f9\uadfc",
                "material_opecity": "\uc870\uae08 "
            },
            {
                "material_name": "\ub300\ud30c",
                "material_opecity": "1/2\uac1c "
            },
            {
                "material_name": "\ucc38\uce58\uce94\uc791\uc740\uac83",
                "material_opecity": "1\uac1c "
            },
            {
                "material_name": "\uacc4\ub780",
                "material_opecity": "2\uac1c "
            },
            {
                "material_name": "\uc18c\uae08",
                "material_opecity": "2~3\uaf2c\uc9d1 "
            },
            {
                "material_name": "\uc62c\ub9ac\ube0c\uc720",
                "material_opecity": "\uc870\uae08 "
            }
        ]
    }
]