[
    {
        "_id": "660ccfac7d34c5b74c6cd1c3",
        "recipe_title": "\uac80\uc815\ucf69\uc790\ubc18 \uc724\uae30\uac00 \ub354\ud574\uc838 \ub9db\ub3c4 \uc5c5\ub418\ub294 \ucf69\uc790\ubc18 \uac80\uc815\ucf69 \ud6a8\ub2a5",
        "recipe_img_url": "https://recipe1.ezmember.co.kr/cache/recipe/2017/12/05/0725aa7ddeb2e9230587133569bfae191.jpg",
        "recipe_steps": [
            {
                "recipe_step_content": "\ucf69\uc740 \ubb3c\uc5d0 3\uc2dc\uac04 \uc774\uc0c1 \ubd88\ub824 \ub461\ub2c8\ub2e4.",
                "recipe_step_img": "https://recipe1.ezmember.co.kr/cache/recipe/2017/12/12/a7d99317a33602291367f307cb27c8621.jpg"
            },
            {
                "recipe_step_content": "\ub0c4\ube44\uc5d0 \ubd88\ub9b0 \ucf69\uacfc \ubb3c 2\ucef5\uc744 \ub123\uace0 \uc911\ubd88\uc5d0\uc11c 10\ubd84 \uc815\ub3c4 \ucf69\uc774 \uc644\uc804\ud788 \uc775\uc744 \ub54c\uae4c\uc9c0 \uc0b6\uc544 \uc90d\ub2c8\ub2e4.",
                "recipe_step_img": "https://recipe1.ezmember.co.kr/cache/recipe/2017/12/12/f6ca9ad143fb804f94c7edf853b40d4f1.jpg"
            },
            {
                "recipe_step_content": "\ubd84\ub7c9\uc758 \uc591\ub150\uc7a5\uc744 \ub9cc\ub4e4\uc5b4\uc694.",
                "recipe_step_img": "https://recipe1.ezmember.co.kr/cache/recipe/2017/12/12/1679fdf58cc94c4bef12112f9a6edae31.jpg"
            },
            {
                "recipe_step_content": "\ucf69\uc774 \uc644\uc804\ud788 \uc775\uc73c\uba74 \uc591\ub150\uc7a5\uc744 \ub123\uc5b4 \uc870\ub824\uc694",
                "recipe_step_img": "https://recipe1.ezmember.co.kr/cache/recipe/2017/12/12/fe58b7f1c4b2a2b51aeade1d933a5d1d1.jpg"
            },
            {
                "recipe_step_content": "\ubb3c\uae30\uac00 \uc5c6\uc5b4\uc9c8 \ub54c\uae4c\uc9c0 \uc870\ub824\uc90d\ub2c8\ub2e4.",
                "recipe_step_img": "https://recipe1.ezmember.co.kr/cache/recipe/2017/12/12/222e589e9f07d7df5286b25dc0d3f8951.jpg"
            },
            {
                "recipe_step_content": "\uc644\uc131\ub41c \ucf69\uc790\ubc18\uc5d0 \ucc38\uae68\ub97c \uc194\uc194 \ubfcc\ub824 \uc90d\ub2c8\ub2e4.",
                "recipe_step_img": "https://recipe1.ezmember.co.kr/cache/recipe/2017/12/12/a372a4a4999328542c2f59f03adce4211.jpg"
            }
        ],
        "recipe_material_list": [
            {
                "material_name": "\uac80\uc815\ucf69",
                "material_opecity": "2\ucef5 "
            },
            {
                "material_name": "\ubb3c",
                "material_opecity": "2\ucef5 "
            },
            {
                "material_name": "\uac04\uc7a5",
                "material_opecity": "9\ud070\uc220 "
            },
            {
                "material_name": "\uc124\ud0d5",
                "material_opecity": "3\ud070\uc220 "
            },
            {
                "material_name": "\ubb3c\uc5ff",
                "material_opecity": "5\ud070\uc220 "
            }
        ]
    },
    {
        "_id": "660ccfac7d34c5b74c6cd1c4",
        "recipe_title": "\uac80\uc815\ucf69! \ud0c8\ubaa8\uc5d0 \uc88b\ub2e4\ub358\ub370!! \uac80\uc815\ucf69\ubcf6\ub294\ubc95",
        "recipe_img_url": "https://recipe1.ezmember.co.kr/cache/recipe/2021/10/28/876ecba7b803b3cce23d7777b45816d91.jpg",
        "recipe_steps": [
            {
                "recipe_step_content": "\uac80\uc815\ucf69\uc744 \uc53b\uc73c\uba74\uc11c \uc774\ubb3c\uc9c8\uc744 \uace8\ub77c\ub0b8\ub2e4.",
                "recipe_step_img": "https://recipe1.ezmember.co.kr/cache/recipe/2017/04/12/781bc8156f98e2e6b2cf590ffdab02f91.jpg"
            },
            {
                "recipe_step_content": "\uc53b\uc740 \ucf69\uc744 \ub123\uc740 \ubcfc\uc5d0 \ubb3c\uc744 \ubd80\uc740 \ub4a4 \uc57d 2\uc2dc\uac04 \uc815\ub3c4 \ubd88\ub9b0\ub2e4.\ubcfc",
                "recipe_step_img": "https://recipe1.ezmember.co.kr/cache/recipe/2017/04/12/5a62f531ec8921cbbe397ac2498d9dfd1.jpg"
            },
            {
                "recipe_step_content": "\ubd88\ub9b0 \ucf69\uc744 \uccb4\uc5d0 \ubc2d\uccd0 \ubb3c\uae30\ub97c \uc81c\uac70\ud55c\ub2e4.\uccb4",
                "recipe_step_img": "https://recipe1.ezmember.co.kr/cache/recipe/2017/04/12/75ba06eac5bcbfef16d908ede87481ed1.jpg"
            },
            {
                "recipe_step_content": "\ud32c\uc5d0 \uac80\uc815\ucf69\uc744 \ub123\uace0 \uc911\uc57d\ubd88\ub85c 20~30\ubd84 \ubcf6\ub294\ub2e4.\ud32c\uc800\uc73c\uba74\uc11c \ubcf6\uc544\uc57c \ud0c0\uc9c0 \uc54a\uace0 \uc798 \uc775\uc5b4\uc694. ",
                "recipe_step_img": "https://recipe1.ezmember.co.kr/cache/recipe/2017/04/12/3ced2c7786d97342ebe0a525424041111.jpg"
            },
            {
                "recipe_step_content": "\ubcf6\uc740 \ucf69\uc744 \uaebc\ub0b8 \ud6c4 \ud3bc\uccd0 \uc2dd\ud78c\ub2e4.",
                "recipe_step_img": "https://recipe1.ezmember.co.kr/cache/recipe/2017/04/12/8fb5446abb45622721152bfea9a06f5e1.jpg"
            }
        ],
        "recipe_material_list": [
            {
                "material_name": "\uac80\uc815\ucf69",
                "material_opecity": "\uba39\uc744\ub9cc\ud07c "
            }
        ]
    },
    {
        "_id": "660ccfac7d34c5b74c6cd1c5",
        "recipe_title": "\uc544\uce68\uc2dd\uc0ac \ub300\uc6a9\uc73c\ub85c \ub4e0\ub4e0\ud55c \ucd08\uac04\ub2e8 \uac80\uc815\ucf69 \ubc14\ub098\ub098\uc96c\uc2a4",
        "recipe_img_url": "https://recipe1.ezmember.co.kr/cache/recipe/2016/04/01/70bf31cb1f296216614c2be2fe7ada741.jpg",
        "recipe_steps": [
            {
                "recipe_step_content": ".\uba3c\uc800 \uac80\uc815\ucf69\uc744 \uac80\uc815\ucf69\uc740 \ud558\ub8e8\uc804\ub0a0 \ubb3c\uc5d0 \ubd88\ub824\ub193\uc2b5\ub2c8\ub2e4.",
                "recipe_step_img": "https://recipe1.ezmember.co.kr/cache/recipe/2016/03/28/cebe8d21d20f429a0f2c5f3cbc5c571e1.jpg"
            },
            {
                "recipe_step_content": "\ubd88\ub824\uc11c \uc0b6\uc544\uc90d\ub2c8\ub2e4.\n\ucf69\uc744 \uc0b6\uc744\ub54c \ub053\uae30 \uc2dc\uc791\ud55c\ud6c410\ubd84\uc815\ub3c4\ub9cc \ub053\uc785\ub2c8\ub2e4.\n\ub354 \uc0b6\uc73c\uba74 \uace0\uc18c\ud558\uc9c0\uc55f\uc2b5\ub2c8\ub2e4",
                "recipe_step_img": "https://recipe1.ezmember.co.kr/cache/recipe/2016/03/28/e9ff0f17d3f757ee4a855f9b2a7de1811.jpg"
            },
            {
                "recipe_step_content": "\uc2dd\ud600\uc11c \ubb3c\uc744 \ube7c\uace0 \ube44\ub2d0\ubd09\ud22c\uc5d0 \ub2f4\uc544 \ub0a9\uc791\ud558\uac8c \ud558\uc5ec \ub0c9\ub3d9\ubcf4\uad00\ud569\ub2c8\ub2e4...\uba39\uc744\ub54c\ub9c8\ub2e4 \uc870\uae08\uc529 \uaebc\ub0b4\uc5b4 \uc0ac\uc6a9\ud558\uba74 \ub429\ub2c8\ub2e4.",
                "recipe_step_img": "https://recipe1.ezmember.co.kr/cache/recipe/2016/03/28/291af1c1384a2e1b488f8059714739b01.jpg"
            },
            {
                "recipe_step_content": "\uc0b6\uc740 \uac80\uc815\ucf69 2\uc2a4\ud47c,\uc6b0\uc720300ml, \ubc14\ub098\ub0982\uac1c \uc900\ube44\ud569\ub2c8\ub2e4\n\uc644\uc131\ud558\uba74 \uc57d 500ml\uac00 \ub429\ub2c8\ub2e4.\n.",
                "recipe_step_img": "https://recipe1.ezmember.co.kr/cache/recipe/2016/03/28/d23cc0cc952f051fedfb0b8f88eaa2311.jpg"
            },
            {
                "recipe_step_content": "\uafc0 1\uc2a4\ud47c \uc900\ube44\ud569\ub2c8\ub2e4\n(\uc5c6\uc73c\uba74 \ub123\uc9c0 \uc54a\uc544\ub3c4 \ub429\ub2c8\ub2e4)",
                "recipe_step_img": "https://recipe1.ezmember.co.kr/cache/recipe/2016/03/26/624e7c6bcd1c7551e7494ab7d9f957321.jpg"
            },
            {
                "recipe_step_content": "\ubaa8\ub4e0\uc7ac\ub8cc\ub97c \ud55c\uaebc\ubc88\uc5d0 \ub123\uace0 \ubbf9\uc11c\uc5d0 1~2\ubd84\uc815\ub3c4 \uac08\uc544\uc90d\ub2c8\ub2e4.\n\uc250\ud0b7!!\uc250\ud0b7!!~~\n\uc544\uce68\uc2dd\uc0ac\ub300\uc6a9 \uac80\uc815\ucf69 \ubc14\ub098\ub098\uc96c\uc2a4 \uc644\uc131\uc785\ub2c8\ub2e4. ^^\n\uace0\uc18c\ud558\uace0 \ub9db\ub3c4 \uc88b\uc2b5\ub2c8\ub2e4. \uac78\ucb49\ud569\ub2c8\ub2e4.\n\uac78\ucb49\ud55c\uac8c \uc2eb\uc73c\uc2dc\uba74 \ubc14\ub098\ub098\ub97c \ud55c\uac1c\ub9cc \ub123\uc73c\uc154\ub3c4 \ub420\ub4ef!!",
                "recipe_step_img": "https://recipe1.ezmember.co.kr/cache/recipe/2016/03/28/737c3527e27b5d3fa7b4decb1f1f44a81.jpg"
            }
        ],
        "recipe_material_list": [
            {
                "material_name": "\uc6b0\uc720",
                "material_opecity": "300ml "
            },
            {
                "material_name": "\ubc14\ub098\ub098",
                "material_opecity": "2\uc2a4\ud47c "
            },
            {
                "material_name": "\uafc0",
                "material_opecity": "2\uac1c "
            }
        ]
    },
    {
        "_id": "660ccfac7d34c5b74c6cd1c7",
        "recipe_title": "\uac74\uac15\ud55c \ub9db! \uac80\uc815\ucf69(\uc11c\ub9ac\ud0dc)\uc8fd",
        "recipe_img_url": "https://recipe1.ezmember.co.kr/cache/recipe/2017/10/23/b296aa7118309b400c4f5a2adff638d51.jpg",
        "recipe_steps": [
            {
                "recipe_step_content": "\ucf69\uc740 \uc53b\uc5b4\uc11c \ubb3c\uc5d0 4\uc2dc\uac04 \uc774\uc0c1 \ubd88\ub824 \ub461\ub2c8\ub2e4.\n\uc300\uc740 \uc53b\uc5b4\uc11c 1\uc2dc\uac04 \uc774\uc0c1 \ubd88\ub824 \ub461\ub2c8\ub2e4.",
                "recipe_step_img": "https://recipe1.ezmember.co.kr/cache/recipe/2017/10/23/d6203e31962a14813d9381ed4beef1161.jpg"
            },
            {
                "recipe_step_content": "\uc900\ube44\ud574 \ub454 \ucf69\uc744 \uc57d 5\ubd84 \uc815\ub3c4 \uc0b6\uc544 \uc90d\ub2c8\ub2e4.\ubb3c\uc758 \uc591\uc740 \ucf69\uc774 \ub2e4 \uc7a0\uae30\uac8c,\n\ub69c\uaed1\uc740 \uc5f4\uace0 \uc0b6\uc544 \uc90d\ub2c8\ub2e4.",
                "recipe_step_img": "https://recipe1.ezmember.co.kr/cache/recipe/2017/10/23/86d9b5bdf4807350cc5d37d522b3126d1.jpg"
            },
            {
                "recipe_step_content": "\ubd88\ub9b0 \uc300\uc740 \ucee4\ud130\uc5d0 \ub300\ucda9 \uac08\uc544 \uc90d\ub2c8\ub2e4.(\uad75\uac8c)",
                "recipe_step_img": "https://recipe1.ezmember.co.kr/cache/recipe/2017/10/23/d9b9190bb01a45df752da64ba685f8111.jpg"
            },
            {
                "recipe_step_content": "\uc0b6\uc740 \ucf69\uc744 \ubbf9\uc11c\uc5d0 \ub123\uace0 \ubb3c 3\ucef5\uc744 \ub123\uc5b4 \uacf1\uac8c \uac08\uc544 \uc8fc\uc138\uc694.\ubb3c 600ml\uc800\ub294 \ucf69 \uc0b6\uc558\ub358 \ubb3c\ub3c4 \ubc84\ub9ac\uc9c0 \uc54a\uace0 \uc0ac\uc6a9\ud574 \uc8fc\uc5c8\uc5b4\uc694.\n\ubbf9\uc11c\uc758 \ud06c\uae30\uac00 \uc791\ub2e4\uba74 \ubb3c\uc740 \ud55c \ub450\ucef5\ub9cc \uac19\uc774 \uac08\uace0 \n\ub098\uba38\uc9c0\ub294 \uac08\uace0 \ub09c \ud6c4 \uc11e\uc5b4 \uc8fc\uba74 \ub429\ub2c8\ub2e4.\n",
                "recipe_step_img": "https://recipe1.ezmember.co.kr/cache/recipe/2017/10/23/dfbf6945ed04be7c44a7014a6604e7281.jpg"
            },
            {
                "recipe_step_content": "\ub0c4\ube44\uc5d0 \uac08\uc544 \ub450\uc5c8\ub358 \uc300\uacfc \ubb3c 3\ucef5\uc744 \ub123\uace0 \uc13c \ubd88\uc5d0\uc11c \ub053\uc5ec \uc8fc\uc138\uc694.\n\ud314\ud314 \ub053\uc73c\uba74 \uc911\uac04 \ubd88\ub85c \uc904\uc774\uace0 \uc57d 4~5\ubd84 \uc815\ub3c4 \ub354 \ub053\uc5ec \uc90d\ub2c8\ub2e4.\ubb3c 600ml\ub053\uc774\uae30 \uc804\uc5d0 \ubb3c\uacfc \uc300\uc744 \uc798 \uc11e\uc5b4 \ubb49\uce68\uc774 \uc5c6\ub3c4\ub85d \ud574 \uc8fc\uace0,\n\ub053\uc77c \ub54c\ub294 \uc800\uc5b4 \uc8fc\uba74\uc11c \ub20b\uc9c0 \uc54a\ub3c4\ub85d \ud574 \uc8fc\uc138\uc694.",
                "recipe_step_img": "https://recipe1.ezmember.co.kr/cache/recipe/2017/10/23/61c9f853620313e37fba1fcf23ef852e1.jpg"
            },
            {
                "recipe_step_content": "\uc57d\ud55c \ubd88\ub85c \uc904\uc778 \ud6c4 \uac08\uc544 \ub454 \ucf69\uc744 \ub123\uc5b4 15~20\ubd84 \uc815\ub3c4 \ub354 \ub053\uc778 \ud6c4 \uc18c\uae08\uc73c\ub85c \ucde8\ud5a5\uc5d0 \ub9de\uac8c \uac04\uc744 \ud574 \uc90d\ub2c8\ub2e4.\ub053\uc774\ub294 \ub3d9\uc548 \ubc14\ub2e5\uc774 \ub20b\uc9c0 \uc54a\ub3c4\ub85d \uc800\uc5b4\uc8fc\uc138\uc694",
                "recipe_step_img": "https://recipe1.ezmember.co.kr/cache/recipe/2017/10/23/01c2f74bc9c79bd1af72104bf66acab71.jpg"
            }
        ],
        "recipe_material_list": [
            {
                "material_name": "\uac80\uc815\ucf69(\uc11c\ub9ac\ud0dc)",
                "material_opecity": "70g "
            },
            {
                "material_name": "\uc300",
                "material_opecity": "130g "
            },
            {
                "material_name": "\ubb3c1200ml",
                "material_opecity": "6\ucef5 "
            },
            {
                "material_name": "\uc18c\uae08",
                "material_opecity": "\uc57d\uac04 "
            }
        ]
    },
    {
        "_id": "660ccfac7d34c5b74c6cd1ca",
        "recipe_title": "\uac80\uc815\ucf69\uc870\ub9bc~\ucac4\uae43\ucac4\uae43 \uc9dc\uc9c0\uc54a\uc740\ub9db~^^",
        "recipe_img_url": "https://recipe1.ezmember.co.kr/cache/recipe/2017/04/24/0d3a02e9f4bfeb36a9b6bba46d11a9a01.jpg",
        "recipe_steps": [
            {
                "recipe_step_content": "\uac80\uc740\ucf69\uc740 \uae68\ub057\uc774 \uc53b\uc5b4\uc11c\n\ubb3c\uc5d03~4\uc2dc\uac04 \ubd88\ub824\ub193\uc73c\uc138\uc694.\n\ub2e4\uc2dc\ub9c8\ub294 \uba74\ubcf4\ub85c \ub2e6\uc544\n\ucc2c\ubb3c5\ucef5\uc5d0 10\ubd84\uc815\ub3c4 \ub2f4\uac00\uc8fc\uc138\uc694.\n\ub0c4\ube44\uc5d0 \ub2e4\uc2dc\ub9c8\ub294 \uac00\uc704\ub85c \uc790\ub974\uace0 \ub2e4\uc2dc\ub9c8 \ubb3c\uacfc \ucf69 \ubd88\ub9b0\ubb3c2\ucef5.\ucf69\uc744 \ub123\uace0 \ub053\uc5ec\uc8fc\uc2dc\ub2e4\uac00 \ubb3c\uc774\n\ub053\uae30 \uc2dc\uc791\ud558\uba74 \uac04\uc7a53.\ub9db\uc2202\n\uad6d\uac04\uc7a51\uc124\ud0d52. \ub123\uace0 \uc911\ubd88\ub85c\n\ub053\uc5ec\uc90d\ub2c8\ub2e4.\n\uc885\uc774 \uc720\uc0b0\uc9c0\ub97c \ubc18\uc790\ub974\uace0\n\uace0\uae54\ubaa8\uc591\uc73c\ub85c \uc811\uc740\ud6c4 \ub05d\ubaa8\uc11c\ub9ac\ub97c \uac00\uc704\ub85c \uc798\ub77c\uc8fc\uc138\uc694",
                "recipe_step_img": "https://recipe1.ezmember.co.kr/cache/recipe/2017/04/24/7199f1aadc12c4601ebd0b67e807f0ae1.jpg"
            },
            {
                "recipe_step_content": "\uc774\ub807\uac8c \uc885\uc774 \ud638\uc77c\uc774\ub098 \uc720\uc0b0\uc9c0\ub97c \ub36e\uc740\ud6c4 \ub0c4\ube44\ub69c\uaed1\uc744\n\ub36e\uace0 \ubc14\uae00\ubc14\uae00 \ub053\uc5b4\uc624\ub974\uba74\n\uc911\ubd88\ub85c \uc904\uc5ec\uc11c \ub053\uc774\ub2e4\uac00\n\uad6d\ubb3c\uc774 \ubc18\ucbe4 \uc904\uba74\n\uc57d\ubd88\ub85c \ub053\uc5ec\uc8fc\uc138\uc694\n\ub2e4\uc2dc\ub9c8 \uc870\uac01\uc744 \ub123\uc5b4\uc8fc\uc138\uc694.",
                "recipe_step_img": "https://recipe1.ezmember.co.kr/cache/recipe/2017/04/24/a1e8e9e4be603646d4dd9d21158669ea1.jpg"
            },
            {
                "recipe_step_content": "\uc911\uac04 \uc911\uac04\uc5d0 \ud55c\ubc88\uc529 \ub4a4\uc9d1\uc5b4\n\uac00\uba74\uc11c \ucf69\uc744 \uc11e\uc5b4\uc8fc\uc2dc\ub2e4\uac00\n\ubb3c\uc5ff\uc774\ub098 \uc870\uccad1.1/2\uc744 \ub123\uc5b4\uc8fc\uc138\uc694.\n\ubd88\uc740 \uc57d\ubd88\ub85c \uc904\uc774\uc2dc\uad6c\uc694~^^",
                "recipe_step_img": "https://recipe1.ezmember.co.kr/cache/recipe/2017/04/24/36673b94bec534b4156d8eb88b884c1c1.jpg"
            },
            {
                "recipe_step_content": "\uad6d\ubb3c\uc774 \uac70\uc758 \uc878\uc5ec\uc84c\uc744\ub54c\n\ucc38\uae30\ub984\uc744 \ub123\uc5b4 \ub053\uc5ec\uc8fc\uc2dc\uace0\n\ud1b5\uae68\ub97c \ubfcc\ub824 \ubd88\uc744 \uaebc\uc8fc\uc138\uc694\n(30\ubd84\uc815\ub3c4).\ub053\uc5ec \uc8fc\uc2dc\uba74\n\ucf69\uc774 \ucac4\uae43 \uac70\ub9ac\uace0 \ub9db\uc788\uac8c\n\uac04\uc774 \ubca0\uc785\ub2c8\ub2e4~^^",
                "recipe_step_img": "https://recipe1.ezmember.co.kr/cache/recipe/2017/04/24/38513212e95afdab261c8bfb945d3f2f1.jpg"
            },
            {
                "recipe_step_content": "\ubcf4\uad00\ud1b5\uc5d0 \uc870\ub9b0\ucf69\uc744\n\ub2f4\uc544 \uc8fc\uc138\uc694.\n\uc0dd\ub545\ucf69 \uc870\ub9bc\ub3c4 \ub9cc\ub4e4\uc5b4 \ubcf4\uc558\ub2f5\ub2c8\ub2e4.",
                "recipe_step_img": "https://recipe1.ezmember.co.kr/cache/recipe/2017/04/24/9bfa10fd3c651e8764a36b8f3f3f7e841.jpg"
            }
        ],
        "recipe_material_list": [
            {
                "material_name": "\ub2e4\uc2dc\ub9c84\u00d75",
                "material_opecity": "3\ucef5 "
            },
            {
                "material_name": "\ubb3c",
                "material_opecity": "1\uc870\uac01 "
            },
            {
                "material_name": "\uac04\uc7a5",
                "material_opecity": "5\ucef5 "
            },
            {
                "material_name": "\ub9db\uc220",
                "material_opecity": "3\ud070\uc220 "
            },
            {
                "material_name": "\uad6d\uac04\uc7a5",
                "material_opecity": "2\ud070\uc220 "
            },
            {
                "material_name": "\uc124\ud0d5",
                "material_opecity": "1\ud070\uc220 "
            },
            {
                "material_name": "\ubb3c\uc5ff",
                "material_opecity": "2\ud070\uc220 "
            },
            {
                "material_name": "\ucc38\uae30\ub984",
                "material_opecity": "1\ud070\uc220 "
            },
            {
                "material_name": "\ud1b5\uae68",
                "material_opecity": "1\uc791\uc740\uc220 "
            }
        ]
    },
    {
        "_id": "660ccfac7d34c5b74c6cd1cb",
        "recipe_title": "\uac80\uc740\ucf69 \ubcf6\uc74c/\uac80\uc815\ucf69(\uc11c\ub9ac\ud0dc) \ubcf6\uae30",
        "recipe_img_url": "https://recipe1.ezmember.co.kr/cache/recipe/2021/03/23/50dee817f8879eaa93c2524881ce4e6e1.jpg",
        "recipe_steps": [
            {
                "recipe_step_content": "\ubb3c \uc704\uc5d0 \ub5a0\uc624\ub974\ub294 \ucf69\uc740 \uace8\ub77c\ub0b4\uace0 \uae68\ub057\ud788 \uc53b\uc5b4\uc90d\ub2c8\ub2e4",
                "recipe_step_img": "https://recipe1.ezmember.co.kr/cache/recipe/2021/03/23/795a72a19629779db0565838658d702f1.jpg"
            },
            {
                "recipe_step_content": "\ubb3c\uc5d0 3~5\uc2dc\uac04 \uc815\ub3c4 \ubd88\ub824\uc8fc\uc138\uc694",
                "recipe_step_img": "https://recipe1.ezmember.co.kr/cache/recipe/2021/03/23/71a72dc7458b97598765c9d78a38e32e1.jpg"
            },
            {
                "recipe_step_content": "\uc5d0\uc5b4\ud504\ub77c\uc774\uc5b4\uc5d0 \ub123\uace0\n180\u2103\uc5d0 20\ubd84\ub3d9\uc548 \ub3cc\ub824\uc90d\ub2c8\ub2e4.\uc5d0\uc5b4\ud504\ub77c\uc774\uc5b4",
                "recipe_step_img": "https://recipe1.ezmember.co.kr/cache/recipe/2021/03/23/e005684e1ee1b85a6d854b99a697cf621.jpg"
            },
            {
                "recipe_step_content": "\uc911\uac04\uc911\uac04 \uc11e\uc5b4\uc8fc\uc154\uc57c \uace0\ub974\uac8c \uad6c\uc6cc\uc9c0\uace0\uc694.\n\uc5d0\uc5b4\ud504\ub77c\uc774\uc5b4\uc5d0 \ub530\ub77c \uba87\ubd84\uc815\ub3c4\ub294 \uc870\uc808\ud558\uc154\uc57c \ud574\uc694",
                "recipe_step_img": "https://recipe1.ezmember.co.kr/cache/recipe/2021/03/23/25128fb25431ed65d88f233e442248bf1.jpg"
            },
            {
                "recipe_step_content": "\uc5b4\ub5a4\uac74 \uc5ec\uc804\ud788 \ucd08\ub85d\uc0c9 \uc774\uc9c0\ub9cc\n\uba39\uc5b4\ubd24\ub354\ub2c8 \ubc14\uc0ad\ubc14\uc0ad \uc798 \ubcf6\uc544\uc84c\ub354\ub77c\uace0\uc694",
                "recipe_step_img": "https://recipe1.ezmember.co.kr/cache/recipe/2021/03/23/b1a0facaf4d2c4b3128e4737c400d0ec1.jpg"
            },
            {
                "recipe_step_content": "\uac80\uc815\ucf69 \uc27d\uac8c \ubcf6\uc544\uc11c \ub9db\uc788\uac8c \ub4dc\uc138\uc694 ^^",
                "recipe_step_img": "https://recipe1.ezmember.co.kr/cache/recipe/2021/03/23/258df83bf1034446ea88158a8673a8771.jpg"
            }
        ],
        "recipe_material_list": [
            {
                "material_name": "\uc11c\ub9ac\ud0dc",
                "material_opecity": "1\uc885\uc774\ucef5 "
            }
        ]
    },
    {
        "_id": "660ccfac7d34c5b74c6cd1cc",
        "recipe_title": "\ubc11\ubc18\ucc2c\uc73c\ub85c \uc824 \uc88b\uc740 \ub531\ub531\ud558\uc9c0 \uc54a\ub294 \uac80\uc815\ucf69\uc870\ub9bc \ub9cc\ub4e4\uae30",
        "recipe_img_url": "https://recipe1.ezmember.co.kr/cache/recipe/2020/12/01/db806a9a0121d320ea90a5d1fb93a79f1.jpg",
        "recipe_steps": [
            {
                "recipe_step_content": "\uba3c\uc800 \ucf69\uc740 \uae68\ub057\ud558\uac8c \uc53b\uc5b4\uc900 \ub2e4\uc74c\n\ucc28\uac00\uc6b4\ubb3c\uc5d0 \ub123\uc5b4 \ubc18\ub098\uc808 \uc815\ub3c4 \ubbf8\ub9ac \ubd88\ub824\uc92c\uc5b4\uc694.",
                "recipe_step_img": "https://recipe1.ezmember.co.kr/cache/recipe/2020/12/01/a07156b81765a3bae240fc94583df9cb1.jpg"
            },
            {
                "recipe_step_content": "\ubd88\ub824\uc9c4 \ucf69\uc774 \uc7a0\uae38\ub9cc\ud07c \ubb3c\uc744 \ubd80\uc6cc\uc8fc\uace0",
                "recipe_step_img": "https://recipe1.ezmember.co.kr/cache/recipe/2020/12/01/1bf9412313c0d2ca04d98b80e2864eea1.jpg"
            },
            {
                "recipe_step_content": "\ubcf4\uae00\ubcf4\uae00 \ub053\uc5b4\uc624\ub974\uba74\n\uac04\uc7a5 4T",
                "recipe_step_img": "https://recipe1.ezmember.co.kr/cache/recipe/2020/12/01/cd7889fdd8dade84df4bceed141dc30b1.jpg"
            },
            {
                "recipe_step_content": "\uc62c\ub9ac\uace0\ub2f92T",
                "recipe_step_img": "https://recipe1.ezmember.co.kr/cache/recipe/2020/12/01/d3d6ae7eda81ab18dea01bbe63f03f521.jpg"
            },
            {
                "recipe_step_content": "\ub2e4\uc2dc\ub9c81\uc7a5",
                "recipe_step_img": "https://recipe1.ezmember.co.kr/cache/recipe/2020/12/01/5d49786d7769a452153529e9c44f48d21.jpg"
            },
            {
                "recipe_step_content": "\ub9db\uc2202T",
                "recipe_step_img": "https://recipe1.ezmember.co.kr/cache/recipe/2020/12/01/e066b39f13d14cec3cdc662682a5594f1.jpg"
            },
            {
                "recipe_step_content": "\ucc38\uae30\ub9841T \ub97c \ub123\uace0",
                "recipe_step_img": "https://recipe1.ezmember.co.kr/cache/recipe/2020/12/01/dfdc3c5bf7649ef988e7e33068683ded1.jpg"
            },
            {
                "recipe_step_content": "\uc57d\ubd88\ub85c \uc740\uc740\ud558\uac8c \uc878\uc5ec\uc8fc\uc138\uc694.",
                "recipe_step_img": "https://recipe1.ezmember.co.kr/cache/recipe/2020/12/01/f6c0be5bae7678f713505012eb3e3c9e1.jpg"
            },
            {
                "recipe_step_content": "\uc5b4\ub290\uc815\ub3c4 \uc878\uc5ec\uc84c\ub2e4 \uc2f6\uc73c\uba74 \ud1b5\uae68\ub97c \ub123\uc5b4\n\ub9c8\ubb34\ub9ac\ud574\uc8fc\uba74 \ubc11\ubc18\ucc2c \uc644\uc131\uc774\uc5d0\uc694!\n(\ub2e4\uc2dc\ub9c8\ub294 \ube7c\uc8fc\uc138\uc6a9)",
                "recipe_step_img": "https://recipe1.ezmember.co.kr/cache/recipe/2020/12/01/73e2c8b7dde584d953783f3e8b8665da1.jpg"
            },
            {
                "recipe_step_content": "\uac04\ub2e8\ud55c\ub370 \ub108\ubb34 \uc26c\uc6b4 \uac80\uc815\ucf69\uc870\ub9bc\n\uc544\uc774\ub4e4\ub3c4 \uc798 \uba39\ub294 \uba54\ub274\ub78d\ub2c8\ub2e4!",
                "recipe_step_img": "https://recipe1.ezmember.co.kr/cache/recipe/2020/12/01/71b7916f0d9532ccd640ca252e23d3471.jpg"
            }
        ],
        "recipe_material_list": [
            {
                "material_name": "\uac80\uc740\ucf69",
                "material_opecity": "3~4\uc885\uc774\ucef5 "
            },
            {
                "material_name": "\ub2e4\uc2dc\ub9c8",
                "material_opecity": "1\uc870\uac01 "
            },
            {
                "material_name": "\uac04\uc7a5",
                "material_opecity": "4T "
            },
            {
                "material_name": "\ub9db\uc220",
                "material_opecity": "2T "
            },
            {
                "material_name": "\uc62c\ub9ac\uace0\ub2f9",
                "material_opecity": "2T "
            },
            {
                "material_name": "\ucc38\uae30\ub984",
                "material_opecity": "1T "
            },
            {
                "material_name": "\ud1b5\uae68",
                "material_opecity": " "
            }
        ]
    },
    {
        "_id": "660ccfac7d34c5b74c6cd1ce",
        "recipe_title": "\ucf69\uc790\ubc18. \ucf69\uc870\ub9bc.(\uac80\uc815\ucf69 \uc694\ub9ac.)",
        "recipe_img_url": "https://recipe1.ezmember.co.kr/cache/recipe/2021/06/24/5dad5fb548ca4fd6d683a7fb43b042611.jpg",
        "recipe_steps": [
            {
                "recipe_step_content": "1\uc2dc\uac04 \uc774\uc0c1 \ubd88\ub9b0 \ucf69\uc744 \uba3c\uc800 10\ubd84\uac04 \uc57d\ubd88\ub85c \uc0b6\uc544\uc900\ub2e4.",
                "recipe_step_img": "https://recipe1.ezmember.co.kr/cache/recipe/2021/06/24/5d387e6685c3c3fb88e38469c5fe4f421.jpg"
            },
            {
                "recipe_step_content": "\uac04\uc7a5, \uc124\ud0d5, \ubb3c\uc5ff, \ub9db\uc220\uc744 \ub123\uace0 \uc57d\ubd88\uc5d0\uc11c \ub69c\uaed1\uc744 \ub2eb\uace0 \uc878\uc778\ub2e4.",
                "recipe_step_img": "https://recipe1.ezmember.co.kr/cache/recipe/2021/06/24/3258b5484b882b2ba7a9718c8a12ae511.jpg"
            },
            {
                "recipe_step_content": "\ucf69\uc774 \uc0b4\uce89\ud558\uac8c \uc775\uc5c8\uc744 \ucbe4 \ub2e4\uc9c4\ub9c8\ub298\uc744 \ub123\uc5b4\uc900\ub2e4.",
                "recipe_step_img": "https://recipe1.ezmember.co.kr/cache/recipe/2021/06/24/909b8b7e86661f714dbd8dc599de1abc1.jpg"
            },
            {
                "recipe_step_content": "\uc911\uac04\uc5d0 \ud55c \ubc88\uc529 \uc11e\uc5b4\uc8fc\uba74\uc11c \ucf69\uc774 \uc644\uc804\ud788 \uc775\ub3c4\ub85d \uc57d\ubd88\uc5d0\uc11c \uc878\uc5ec\uc900\ub2e4.",
                "recipe_step_img": "https://recipe1.ezmember.co.kr/cache/recipe/2021/06/24/786a06a625aad2882dc4fae5dee713601.jpg"
            },
            {
                "recipe_step_content": "\ucf69\uc774 \uc775\uc73c\uba74 \uad6d\ubb3c\uc744 \uc790\uc791\ud558\uac8c \uc878\uc5ec\uc57c \ud558\ubbc0\ub85c \ubd88\uc744 \uc911\ubd88\ub85c \ud558\uace0 \uc800\uc5b4\uac00\uba70 \uc878\uc778\ub2e4.",
                "recipe_step_img": "https://recipe1.ezmember.co.kr/cache/recipe/2021/06/24/387fe75e154c736a8c748d96a6e784e01.jpg"
            },
            {
                "recipe_step_content": "\uc724\uae30\uac00 \ubc18\uc9dd\ub098\uace0 \uad6d\ubb3c\uc774 \uc790\uc791\ud558\uac8c \uc878\uc544\ub4e4\uba74 \uac00\uc2a4\ubd88\uc744 \uaebc\uc900\ub2e4.",
                "recipe_step_img": "https://recipe1.ezmember.co.kr/cache/recipe/2021/06/24/a6568fe59ec055bcfa320f1229b2ee251.jpg"
            },
            {
                "recipe_step_content": "\ud1b5\uae68\ub97c \ub123\uc5b4 \ubc84\ubb34\ub824\uc900\ub2e4.",
                "recipe_step_img": "https://recipe1.ezmember.co.kr/cache/recipe/2021/06/24/0efbf64ee866e118c01366ec21b09c031.jpg"
            },
            {
                "recipe_step_content": "\uadf8\ub987\uc5d0 \uc62e\uaca8 \ub2f4\uc544 \ud55c \uae40 \uc2dd\ud78c \ud6c4 \ub0c9\uc7a5\ubcf4\uad00\ud574\uc11c \ub4dc\uc2dc\uba74 \ub429\ub2c8\ub2e4.",
                "recipe_step_img": "https://recipe1.ezmember.co.kr/cache/recipe/2021/06/24/01179340046fba1be51011b3dc39a6221.jpg"
            }
        ],
        "recipe_material_list": [
            {
                "material_name": "\ubd88\ub9b0\uc950\ub208\uc774\ucf69\ub610\ub294\uc11c\ub9ac\ud0dc",
                "material_opecity": "1/2\ucef5 "
            },
            {
                "material_name": "\ubb3c",
                "material_opecity": "2.3\ucef5 "
            },
            {
                "material_name": "\ud1b5\uae68",
                "material_opecity": "1/2\ud070\uc220 "
            },
            {
                "material_name": "\uc9c4\uac04\uc7a5",
                "material_opecity": "4\ud070\uc220 "
            },
            {
                "material_name": "\uc124\ud0d5",
                "material_opecity": "1\ud070\uc220 "
            },
            {
                "material_name": "\ubb3c\uc5ff",
                "material_opecity": "2\ud070\uc220 "
            },
            {
                "material_name": "\ub2e4\uc9c4\ub9c8\ub298",
                "material_opecity": "1/2\ud070\uc220 "
            },
            {
                "material_name": "\ub9db\uc220",
                "material_opecity": "2\ud070\uc220 "
            }
        ]
    },
    {
        "_id": "660ccfac7d34c5b74c6cd1d0",
        "recipe_title": "\uac80\uc815\ucf69\uc870\ub9bc",
        "recipe_img_url": "https://recipe1.ezmember.co.kr/cache/recipe/2018/10/04/9149b76b4e42b25565c3c207e5b1ba811.jpg",
        "recipe_steps": [
            {
                "recipe_step_content": "\uac80\uc815\ucf69\uc744 \ud750\ub974\ub294\ubb3c\uc5d0 \uae68\ub057\uc774 \uc53b\uc5b4 2\uc2dc\uac04\uc774\uc0c1 \ubd88\ub824\uc8fc\uc138\uc694",
                "recipe_step_img": "https://recipe1.ezmember.co.kr/cache/recipe/2018/10/04/ba559d830c117b1e6fb2047db60d9bc71.jpg"
            },
            {
                "recipe_step_content": "\ub0c4\ube44\uc5d0 \ubd88\ub9b0\ucf69\uc744 \ub123\uace0 \ubb3c\uc744 1:1\ube44\uc728\ub85c \ub123\uc5b4\uc694 \ucf69\ube44\ub9b0\ub0b4\ub97c \uc5c6\uc560\uae30\uc704\ud574 \ub9db\uc220\uc744 3T\ub97c \ub123\uc5b4 \ub053\uc774\ub2e4\uac00\n\uac70\ud488\uc774 \uc62c\ub77c\uc624\uba74 \uac77\uc5b4\ub0c5\ub2c8\ub2e4",
                "recipe_step_img": "https://recipe1.ezmember.co.kr/cache/recipe/2018/10/04/e674828f1179c75c0dee0fd9d04a136b1.jpg"
            },
            {
                "recipe_step_content": "\ubc14\uae00\ubc14\uae00 \ucf69\uc744 \ub053\uc774\ub2e4\uac00 \ubb3c\uc744 5T\uc815\ub3c4 \ub0a8\uae30\uace0 \ub530\ub77c\ub0b8 \ud6c4 \uac04\uc7a53T\ub97c \ub123\uc5b4 \uc870\ub824\uc90d\ub2c8\ub2e4",
                "recipe_step_img": "https://recipe1.ezmember.co.kr/cache/recipe/2018/10/04/3ff3380ea874af370de49b503e4a965e1.jpg"
            },
            {
                "recipe_step_content": "\uc870\ub824\uc9c4 \ucf69\uc744 \uc911\uc57d\ubd88\ub85c \uc904\uc774\uace0 \uc62c\ub9ac\uace0\ub2f9\uc774\ub098 \uafc0\uc744 3T\ub123\uc5b4 \uc798 \uc11e\uc5b4\uc90d\ub2c8\ub2e4\n\uc724\uae30\uac00 \ud750\ub974\uba74 \ubd88\uc744 \ub044\uace0 \ud1b5\uae68\ub97c \ubfcc\ub824 \ub9c8\ubb34\ub9ac\ud569\ub2c8\ub2e4",
                "recipe_step_img": "https://recipe1.ezmember.co.kr/cache/recipe/2018/10/04/11d6f5af4dbeb7d6c44d0515d3fa31241.jpg"
            }
        ],
        "recipe_material_list": [
            {
                "material_name": "\uac80\uc815\ucf69",
                "material_opecity": "400g "
            },
            {
                "material_name": "\ubb3c",
                "material_opecity": " "
            },
            {
                "material_name": "\ub9db\uc220",
                "material_opecity": "3T "
            },
            {
                "material_name": "\uac04\uc7a5",
                "material_opecity": "3T "
            },
            {
                "material_name": "\uc62c\ub9ac\uace0\ub2f9",
                "material_opecity": "3T "
            },
            {
                "material_name": "\ud1b5\uae68",
                "material_opecity": " "
            }
        ]
    },
    {
        "_id": "660ccfac7d34c5b74c6cd1d2",
        "recipe_title": "\uac80\uc815\ucf69\ube75 \ub9cc\ub4e4\uae30",
        "recipe_img_url": "https://recipe1.ezmember.co.kr/cache/recipe/2018/02/20/f9dc61ee130d22b9cdef677f76caf2a81.jpg",
        "recipe_steps": [
            {
                "recipe_step_content": "\ubaa8\ub4e0 \uc7ac\ub8cc\ub97c \ub123\uace0 \ubc18\uc8fd\ud55c\ub2e4.",
                "recipe_step_img": "https://recipe1.ezmember.co.kr/cache/recipe/2018/02/20/fbd1dee8084ae2432c9e8bc1a6ac6fa01.jpg"
            },
            {
                "recipe_step_content": "\ubc18\uc8fd\uc744 \ub3d9\uae00\ub3d9\uae00\ud558\uac8c \ub9cc\ub4e4\uc5b4 24\uc2dc\uac04 \ubc1c\ud6a8\ub97c \ud574\uc90d\ub2c8\ub2e4.",
                "recipe_step_img": "https://recipe1.ezmember.co.kr/cache/recipe/2018/02/20/3f5b8521d9a7b47f161daaf5000fa6d91.jpg"
            },
            {
                "recipe_step_content": "\uac80\uc815\ucf69\uc740 \ud479\uc0b6\uc544\uc11c \ubcf4\ub4e4\ubcf4\ub4e4 \ud560\ub54c\uae4c\uc9c0 \ub728\uac70\uc6b8\ub54c \uc62c\ub9ac\uace0\ub2f9\uc744 \ub123\uace0 \uc775\ud78c\ub2e4\uc74c \ud1a0\ud551\uc7ac\ub8cc\ub97c \ubaa8\ub450 \ub123\uace0 \uc11e\uc5b4 \uc90d\ub2c8\ub2e4.\uc555\ub825\ubc25\uc1a5\uc5d0 \ub123\uace0 \uc775\ud788\uba74 \ube60\ub978\uc2dc\uac04\ub0b4\uc5d0 \ubcf4\ub4e4\ubcf4\ub4e4\ud558\uac8c \uc775\ud600\uc9d1\ub2c8\ub2e4.",
                "recipe_step_img": "https://recipe1.ezmember.co.kr/cache/recipe/2018/02/20/23f4b2d5321b51e2d44c11a9cddfaee31.jpg"
            },
            {
                "recipe_step_content": "\ubc1c\ud6a8\uac00 \ub2e4 \ub418\uc5c8\uc73c\uba74 50g\uc529 \ub3d9\uae00\ub824\uc11c \ub098\ub204\uc5b4 \ub193\uc544\uc694.\n\uc704\uc758 \ub808\uc2dc\ud53c\uc591\ub300\ub85c \ub9cc\ub4dc\ub2c8 10\uac1c\uac00 \ub098\uc654\uc5b4\uc694.",
                "recipe_step_img": "https://recipe1.ezmember.co.kr/cache/recipe/2018/02/20/83f0852a05584a671f21027960b31b181.jpg"
            },
            {
                "recipe_step_content": "\ub3d9\uae00\ub824\ub193\uc740 \ubc18\uc8fd\uc5d0 \ud1a0\ud551\uc7ac\ub8cc\ub97c \ub123\uace0 \ub3d9\uae00\ub3d9\uae00\ud558\uac8c \ub9cc\ub4e4\uc5b4 \uc90d\ub2c8\ub2e4.",
                "recipe_step_img": "https://recipe1.ezmember.co.kr/cache/recipe/2018/02/20/4922d70fed7e3ca7b7154e485e4d1c341.jpg"
            },
            {
                "recipe_step_content": "\ud32c\ub2dd\ud55c \ud6c4\uc5d0 \uac00\uc6b4\ub370\ub97c \ubaa9\ub780\uc73c\ub85c \ub20c\ub7ec \uc911\uac04\uc5d0 \uad6c\uba4d\uc744 \ub0b4 \uc90d\ub2c8\ub2e4.\ucca0\ud310\uc5d0 \uac04\uaca9\uc744 \ub9de\ucd94\uc5b4\uc11c \ud32c\ub2dd\ud558\uace0 \uc624\ube10\uc744 \uc608\uc5f4\ud569\ub2c8\ub2e4.\ubaa9\ub780\uc774 \uc5c6\uc73c\uba74 \ub3d9\uadf8\ub780 \ub69c\uaed1 \uac19\uc740 \uac83\uc73c\ub85c \uac00\uc6b4\ub370\ub97c \uafb8\uc6b1 \ub20c\ub7ec \uc8fc\uba74 \ub429\ub2c8\ub2e4",
                "recipe_step_img": "https://recipe1.ezmember.co.kr/cache/recipe/2018/02/20/b76b0000cbd100380c846fde22e192591.jpg"
            },
            {
                "recipe_step_content": "\uc624\ube10\uc628\ub3c4 175\ub3c4\uc5d0\uc11c 15\ubd84\uc815\ub3c4 \uad6c\uc6cc\uc90d\ub2c8\ub2e4\uc624\ube10\ube75\uc774 \uc724\uae30\ub098\uac8c \ud558\ub824\uba74 \uacc4\ub780\ubb3c\uc774\ub098 \uc62c\ub9ac\uace0\ub2f9\uc744 \ubd93\uc73c\ub85c \ubc1c\ub77c\uc8fc\uba74 \ub429\ub2c8\ub2e4",
                "recipe_step_img": "https://recipe1.ezmember.co.kr/cache/recipe/2018/02/20/a8453485ba577aa9688ae894ead4731b1.jpg"
            },
            {
                "recipe_step_content": "\uc624\ube10\uc5d0\uc11c \uc798 \uad6c\uc6cc\uc84c\uc73c\uba74 \uaebc\ub0b4\uc90d\ub2c8\ub2e4.\n\uac80\uc815\ucf69\uc758 \uc2dd\uac10\uacfc \uae68,\ub545\ucf69\uc758 \uc2dd\uac10\uc774 \uc798\uc5b4\uc6b8\ub9ac\ub294 \uac80\uc815\ucf69\ube75\uc785\ub2c8\ub2e4.",
                "recipe_step_img": "https://recipe1.ezmember.co.kr/cache/recipe/2018/02/20/839f1e95ac9e3253da1368a406f4df3c1.jpg"
            }
        ],
        "recipe_material_list": [
            {
                "material_name": "\ubc00\uac00\ub8e8",
                "material_opecity": "450g "
            },
            {
                "material_name": "\ub9c9\uac78\ub9ac",
                "material_opecity": "200g "
            },
            {
                "material_name": "\uc18c\uae08",
                "material_opecity": "4g "
            },
            {
                "material_name": "\uc124\ud0d5",
                "material_opecity": "70g "
            },
            {
                "material_name": "\ud574\ubc14\ub77c\uae30\uc720",
                "material_opecity": "50g "
            },
            {
                "material_name": "\uc6b0\uc720",
                "material_opecity": "30g "
            },
            {
                "material_name": "\ub2ec\uac40",
                "material_opecity": "1\uac1c "
            },
            {
                "material_name": "\uac80\uc740\ucf69",
                "material_opecity": "100g "
            },
            {
                "material_name": "\uae68",
                "material_opecity": "30g "
            },
            {
                "material_name": "\ub545\ucf69\ubd84\ud0dc",
                "material_opecity": "50g "
            },
            {
                "material_name": "\uc62c\ub9ac\uace0\ub2f9",
                "material_opecity": "50g "
            }
        ]
    },
    {
        "_id": "660ccfac7d34c5b74c6cd1d4",
        "recipe_title": "\uac80\uc815\ucf69\ucf54\ucf54\ub11b\ucfe0\ud0a4",
        "recipe_img_url": "https://recipe1.ezmember.co.kr/cache/recipe/2015/08/25/8044767292170478daf0efae9ecab99c.jpg",
        "recipe_steps": [
            {
                "recipe_step_content": "\uacc4\ub780 \ud770\uc790\ub294 \uc751\uc5b4\ub9ac\ub97c \ud480\uc5b4\uc11c \uc124\ud0d5\uc744 \ub179\uc5ec\uac00\uba70 \uc798 \uc800\uc5b4\uc8fc\uc138\uc694.",
                "recipe_step_img": "https://recipe1.ezmember.co.kr/cache/recipe/2015/08/25/0aa01fc52ae416acd0ce989a5e0af9b21.jpg"
            },
            {
                "recipe_step_content": "\uac80\uc815\ucf69\uac00\ub8e8\ub97c \uc11e\uc5b4\uc11c \uc798 \uc800\uc5b4\uc8fc\uc138\uc694. \ucf54\ucf54\ub11b\ub871\uacfc \ucf58\ud504\ub808\uc774\ud06c\ub97c \uc11e\uc5b4\uc8fc\uc138\uc694. \ubc14\ub2d0\ub77c\uc5d0\uc13c\uc2a4\ub3c4 \uba87\ubc29\uc6b8 \ub611\ub611\ub611 \ub5a8\uc5b4\ub728\ub824\uc8fc\uc2dc\uace0\uc694.",
                "recipe_step_img": "https://recipe1.ezmember.co.kr/cache/recipe/2015/08/25/d6c3a23d6f84024d8fc7efb78424de631.jpg"
            },
            {
                "recipe_step_content": "\uc21f\uac00\ub77d\uc73c\ub85c \ud55c\uc21f\uac08\uc529 \ub5a0\uc11c \ub744\uc5c4\ub6f0\uc5c4 \ub35c\uc5b4\uc8fc\uc138\uc694. 160\ub3c4 \uc624\ube10\uc5d0 30\ubd84 \uad6c\uc6cc\uc8fc\uc138\uc694.\uc624\ube10",
                "recipe_step_img": "https://recipe1.ezmember.co.kr/cache/recipe/2015/08/25/1158b81d11c4376bcce4a2a8124145311.jpg"
            }
        ],
        "recipe_material_list": [
            {
                "material_name": "\uac80\uc815\ucf69\uac00\ub8e8",
                "material_opecity": "30g "
            },
            {
                "material_name": "\ucf54\ucf54\ub11b\ub871",
                "material_opecity": "80g "
            },
            {
                "material_name": "\uacc4\ub780\ud770\uc790",
                "material_opecity": "2\uac1c "
            },
            {
                "material_name": "\ubc14\ub2d0\ub77c\uc5d0\uc13c\uc2a4",
                "material_opecity": "\ud1a1\ud1a1 "
            },
            {
                "material_name": "\uc124\ud0d5",
                "material_opecity": "2\uc21f\uac08 "
            }
        ]
    },
    {
        "_id": "660ccfac7d34c5b74c6cd1d5",
        "recipe_title": "\ub2e4\uc774\uc5b4\ud2b8 \uac04\uc2dd\uc73c\ub85c \uc88b\uc740 \uace0\uc18c\ud55c~ \uac80\uc815\ucf69 \ubcf6\uc74c, \ubcf6\uc74c \uac80\uc815\ucf69\ub9cc\ub4e4\uae30",
        "recipe_img_url": "https://recipe1.ezmember.co.kr/cache/recipe/2018/09/19/dde4c848e10cec9ebfd5d876328dc18c1.jpg",
        "recipe_steps": [
            {
                "recipe_step_content": "\uac80\uc815\ucf69 2\ucef5\uc744 \uc900\ube44\ud588\uc2b5\ub2c8\ub2e4.",
                "recipe_step_img": "https://recipe1.ezmember.co.kr/cache/recipe/2018/09/19/0d5f23b513da023b880e8a47b7b1907d1.jpg"
            },
            {
                "recipe_step_content": "\uac80\uc815\ucf69\uc744 \uac00\ubccd\uac8c \ubb3c\uc5d0 \uc53b\uc5b4 \uac74\uc838 \ubb3c\uae30\ub97c \ucd5c\ub300\ud55c \ube7c \uc900 \ud6c4.... ",
                "recipe_step_img": "https://recipe1.ezmember.co.kr/cache/recipe/2018/09/19/f46efb2aaf0bb54cd39feaf7496205881.jpg"
            },
            {
                "recipe_step_content": "\ubc00\ud3d0\uc6a9\uae30\uc5d0 \ub2f4\uc544 \uc900 \ud6c4....",
                "recipe_step_img": "https://recipe1.ezmember.co.kr/cache/recipe/2018/09/19/5502a3292a26e7afa6838a1457e25a871.jpg"
            },
            {
                "recipe_step_content": "\ub0c9\ub3d9\uc2e4\uc5d0 \ub123\uace0 \uc5bc\ub824 \uc90d\ub2c8\ub2e4. \uaf41\uaf41 6\uc2dc\uac04 \uc815\ub3c4 \uc5bc\ub9b0 \ud6c4....",
                "recipe_step_img": "https://recipe1.ezmember.co.kr/cache/recipe/2018/09/19/28d6700f6777373d7358d4ed79be4ca11.jpg"
            },
            {
                "recipe_step_content": "\uc2e4\uc628\uc5d0 \uaebc\ub0b4 \ud574\ub3d9 \ud55c \ud6c4 \ub2e4\uc2dc \ub0c9\ub3d9\uc2e4\uc5d0 \uc5bc\ub9ac\uae30\ub97c \ucd1d 3\ubc88\uc744 \ud574\uc90d\ub2c8\ub2e4.",
                "recipe_step_img": "https://recipe1.ezmember.co.kr/cache/recipe/2018/09/19/dcc70de1af2a2152c20fb9be5df291af1.jpg"
            },
            {
                "recipe_step_content": "\uadf8\ub9ac\uace0 \uc2e4\uc628\uc5d0\uc11c \ud574\ub3d9 \ud55c \ud6c4....",
                "recipe_step_img": "https://recipe1.ezmember.co.kr/cache/recipe/2018/09/19/52a55049867f60eef406f42cc9353e591.jpg"
            },
            {
                "recipe_step_content": "\ub2ec\uad70 \ub9c8\ub978\ud32c\uc5d0 \uae30\ub984\uc5c6\uc774 \ub123\uace0 \ubcf6\uc544 \uc90d\ub2c8\ub2e4. \uc911~\uc57d\ubd88\uc5d0\uc11c \uace0\ub974\uac8c \ubcf6\uc544 \uc8fc\uc138\uc694.",
                "recipe_step_img": "https://recipe1.ezmember.co.kr/cache/recipe/2018/09/19/c32f66909db056634e43ca5a06b3102d1.jpg"
            },
            {
                "recipe_step_content": "\ud0c1\ud0c1' \uc18c\ub9ac\uac00 \ub098\uba74\uc11c \uac80\uc815\ucf69 \uaecd\uc9c8\uc774 \uac08\ub77c\uc9c4\ub2f5\ub2c8\ub2e4. \uace0\uc18c\ud55c \ub0b4\uc74c\uc774 \uc9c4\ub3d9\uc744 \ud558\uc9c0\uc694. \uace0\ub974\uac8c \uacc4\uc18d \uc800\uc5b4\uc8fc\uba74\uc11c \ubcf6\uc544 \uc8fc\ub294\uac8c \uc88b\uc544\uc694. \ubcf6\uc740 \ucf69\uc740 \uccb4\ubc18\uc5d0 \uc62c\ub824 \ud55c\ubc88 \ucda9\ubd84\ud788 \uc2dd\ud600 \uc8fc\uc138\uc694.",
                "recipe_step_img": "https://recipe1.ezmember.co.kr/cache/recipe/2018/09/19/c5ba382ccd5f17b6ff3590821d0466fa1.jpg"
            }
        ],
        "recipe_material_list": [
            {
                "material_name": "\uac80\uc815\ucf69",
                "material_opecity": "2\ucef5 "
            }
        ]
    },
    {
        "_id": "660ccfac7d34c5b74c6cd1d6",
        "recipe_title": "\uac80\uc815\ucf69\uc5f0\uadfc\uc870\ub9bc",
        "recipe_img_url": "https://recipe1.ezmember.co.kr/cache/recipe/2015/04/16/603b450fc96e68a740109765ff313159.jpg",
        "recipe_steps": [
            {
                "recipe_step_content": "\uba3c\uc800.. \uc11c\ub9ac\ud0dc\ucf69\uc740 4\uc2dc\uac04\uc815\ub3c4 \ubb3c\uc5d0 \ubd88\ub824 \ubd80\ub4dc\ub7fd\uac8c \ub9cc\ub4e4\uc5b4 \uc8fc\uc154\uc57c\ud574\uc694~",
                "recipe_step_img": "https://recipe1.ezmember.co.kr/cache/recipe/2015/04/16/62075b1d545ae910b363cb5f1e428fe01.jpg"
            },
            {
                "recipe_step_content": "\ubd88\ub9b0\ucf69\uc740.. \ub0c4\ube44\uc5d0 \ubb3c2\ucef5\uc815\ub3c4\ub97c \ub2f4\uc740\ud6c4 \uc18c\uae08\uc57d\uac04\uc744 \ub123\uace0 \ub053\uc5ec \ucf69\uc744 \ubb34\ub974\uac8c \uc775\ud600\uc90d\ub2c8\ub2e4~",
                "recipe_step_img": "https://recipe1.ezmember.co.kr/cache/recipe/2015/04/16/8e059251274a153caf484cbad968ded31.jpg"
            },
            {
                "recipe_step_content": "\uad6c\uc218\ud558\uac8c \uc798 \uc775\uc740 \ucf69\uc740 \uccb4\uc5d0 \ubc1b\uccd0 \ucc2c\ubb3c\uc5d0 \ud55c\ubc88 \ud5f9\uad6c\uc5b4 \uc8fc\uc2dc\uad6c\uc5ec~~",
                "recipe_step_img": "https://recipe1.ezmember.co.kr/cache/recipe/2015/04/16/d25a1add40c8818d502efea44ec752fb1.jpg"
            },
            {
                "recipe_step_content": "\uc5f0\uadfc\uc740 \uaecd\uc9c8\ubc97\uaca8 0.5\uc13c\ud2f0 \ub450\uaed8\ub85c \uc36c\ud6c4 4\ub4f1\ubd84\uc774\ub098 6\ub4f1\ubd84\uc73c\ub85c \uc791\uac8c \uc370\uc5b4\uc90d\ub2c8\ub2e4~",
                "recipe_step_img": "https://recipe1.ezmember.co.kr/cache/recipe/2015/04/16/9e4ed5e3623ae08c027a28110645dc3c1.jpg"
            },
            {
                "recipe_step_content": "\uc5f0\uadfc\ub3c4 \ub053\uc5ec \uc808\ubc18\uc815\ub3c4 \uc775\ud600\uc904\uac70\uc5d0\uc694~ \uc5f0\uadfc \ub053\uc77c\ub54c\ub294 \ub053\ub294\ubb3c\uc5d0 \uc2dd\ucd08\ub97c \ud55c\ub450\uc21f\uac08 \ub123\uace0 \ub053\uc5ec\uc8fc\uba74 \uc5f0\uadfc\uc758 \uc0c9\uac10\uc774 \uac08\ubcc0\ud558\uc9c0\uc54a\ub294\ub2f5\ub2c8\ub2e4~",
                "recipe_step_img": "https://recipe1.ezmember.co.kr/cache/recipe/2015/04/16/bdf43bd8e3990fca030d6e0c88e2c6a81.jpg"
            },
            {
                "recipe_step_content": "\uc774\uc81c \uc870\ub9bc\uc7a5\uc744 \ub9cc\ub4e4\uc5b4 \uc878\uc5ec\uc904\uac74\ub370\uc694.. \uc870\ub9bc\uc7a5 \uc7ac\ub8cc\ub97c \ubaa8\ub450 \ub123\uace0 \uc13c\ubd88\uc5d0\uc11c \ub053\uc5ec \ubc14\ub974\ub974~~ \ub053\uae30 \uc2dc\uc791\ud558\uba74 \uc911\ubd88\ub85c \uc904\uc778\ud6c4..",
                "recipe_step_img": "https://recipe1.ezmember.co.kr/cache/recipe/2015/04/16/c56e2325c4daee922326ecb6915ccfd11.jpg"
            },
            {
                "recipe_step_content": "\uc5f0\uadfc\uacfc \uac80\uc815\ucf69\uc744 \ubaa8\ub450 \ub123\uc5b4\uc90d\ub2c8\ub2e4~",
                "recipe_step_img": "https://recipe1.ezmember.co.kr/cache/recipe/2015/04/16/ac42c4192de28927071e88c397de6a801.jpg"
            },
            {
                "recipe_step_content": "\uc911\ubd88\uc5d0\uc11c \ub053\uc5ec\uc8fc\uc138\uc694~",
                "recipe_step_img": "https://recipe1.ezmember.co.kr/cache/recipe/2015/04/16/439174cea0bce17d35f49d3acb1250091.jpg"
            },
            {
                "recipe_step_content": "\uc870\ub9bc\uc7a5\uc774 \uc808\ubc18\uc815\ub3c4 \uc878\uc544\ub4e4\uba74..",
                "recipe_step_img": "https://recipe1.ezmember.co.kr/cache/recipe/2015/04/16/72e7907f116af4e76c23acb3d13a71881.jpg"
            },
            {
                "recipe_step_content": "\uc62c\ub9ac\uace0\ub2f9\uc744 \ub123\uace0 \uace8\uace0\ub8e8 \uc798 \uc11e\uc740\ud6c4..",
                "recipe_step_img": "https://recipe1.ezmember.co.kr/cache/recipe/2015/04/16/652cbde781536693140f5877d6c6e4131.jpg"
            },
            {
                "recipe_step_content": "\ub9c8\uc800 \uc870\ub824\uc8fc\ub2e4\uac00.. \ubd88\ub044\uae30 \uc9c1\uc804\uc5d0 \ud1b5\uae68 \ubfcc\ub824\uc8fc\uba74 \uc644\uc131\uc774\uc5d0\uc694~",
                "recipe_step_img": "https://recipe1.ezmember.co.kr/cache/recipe/2015/04/16/4991926277fb718f8b4d5b1257f8f3c71.jpg"
            }
        ],
        "recipe_material_list": [
            {
                "material_name": "\uac80\uc815\ucf69",
                "material_opecity": "1\ucef5 "
            },
            {
                "material_name": "\uc5f0\uadfc",
                "material_opecity": "430g "
            },
            {
                "material_name": "\ud1b5\uae68",
                "material_opecity": "\uc57d\uac04 "
            },
            {
                "material_name": "\uc62c\ub9ac\uace0\ub2f9",
                "material_opecity": "2\uc21f\uac08 "
            },
            {
                "material_name": "\ub2e4\uc2dc\ub9c8\ubb3c",
                "material_opecity": "2\ucef5 "
            },
            {
                "material_name": "\uac04\uc7a5",
                "material_opecity": "15\uc21f\uac08 "
            },
            {
                "material_name": "\uc124\ud0d5",
                "material_opecity": "2\uc21f\uac08 "
            },
            {
                "material_name": "\uc0dd\uac15\uc220",
                "material_opecity": "4\uc21f\uac08 "
            },
            {
                "material_name": "\ucc38\uae30\ub984",
                "material_opecity": "1\uc21f\uac08 "
            }
        ]
    },
    {
        "_id": "660ccfac7d34c5b74c6cd1d9",
        "recipe_title": "\uac80\uc815\ucf69\ucf54\ucf54\ub11b\ucfe0\ud0a4",
        "recipe_img_url": "https://recipe1.ezmember.co.kr/cache/recipe/2015/09/22/1d2daee6af5010f54ed9a46eabedc183.jpg",
        "recipe_steps": [
            {
                "recipe_step_content": "\uacc4\ub780 \ud770\uc790\ub294 \uc751\uc5b4\ub9ac\ub97c \ud480\uc5b4\uc11c \uc124\ud0d5\uc744 \ub179\uc5ec\uac00\uba70 \uc798 \uc800\uc5b4\uc8fc\uc138\uc694.",
                "recipe_step_img": "https://recipe1.ezmember.co.kr/cache/recipe/2015/09/22/99b53ca339b37063d05aabfaad1cc6961.jpg"
            },
            {
                "recipe_step_content": "\uac80\uc815\ucf69\uac00\ub8e8\ub97c \uc11e\uc5b4\uc11c \uc798 \uc800\uc5b4\uc8fc\uc138\uc694. \ub2e4\uc74c\uc740 \uc2e4\ub9ac\ucf58 \uc8fc\uac71(\uc2a4\ud328\uce04\ub7ec)\uc73c\ub85c \ubc14\uafd4\uc11c \ucf54\ucf54\ub11b\ub871\uacfc \ucf58\ud504\ub808\uc774\ud06c\ub97c \uc11e\uc5b4\uc8fc\uc138\uc694. \ubc14\ub2d0\ub77c\uc5d0\uc13c\uc2a4\ub3c4 \uba87\ubc29\uc6b8 \ub611\ub611\ub611 \ub5a8\uc5b4\ub728\ub824\uc8fc\uc2dc\uace0\uc694.",
                "recipe_step_img": "https://recipe1.ezmember.co.kr/cache/recipe/2015/09/22/ac5bdf4eb627ef8fd5dcda00080f2c031.jpg"
            },
            {
                "recipe_step_content": "\uc21f\uac00\ub77d\uc73c\ub85c \ud55c\uc21f\uac08\uc529 \ub5a0\uc11c \ub744\uc5c4\ub6f0\uc5c4 \ub35c\uc5b4\uc8fc\uc138\uc694. 160\ub3c4 \uc624\ube10\uc5d0 30\ubd84 \uad6c\uc6cc\uc8fc\uc138\uc694.\uc624\ube10",
                "recipe_step_img": "https://recipe1.ezmember.co.kr/cache/recipe/2015/09/22/a7e32975b955c93914415d81ae4b7dfb1.jpg"
            },
            {
                "recipe_step_content": "\uac89\uc740 \ubc14\uc0ad\ud558\uace0 \uc18d\uc740 \uc57d\uac04 \ucac0\ub4dd\ud55c \ub9db\uc788\ub294 \uac74\uac15\ucfe0\ud0a4\uac00 \uc644\uc131\uc785\ub2c8\ub2e4.",
                "recipe_step_img": "https://recipe1.ezmember.co.kr/cache/recipe/2015/09/22/e85e21479c95c7480ce1a37571b38dc01.jpg"
            }
        ],
        "recipe_material_list": [
            {
                "material_name": "\uac80\uc815\ucf69\uac00\ub8e8",
                "material_opecity": "30g "
            },
            {
                "material_name": "\ucf54\ucf54\ub11b\ub871",
                "material_opecity": "80g "
            },
            {
                "material_name": "\uc528\ub9ac\uc5bc\ub4ec\ubfcd",
                "material_opecity": "2\uc21f\uac00\ub77d "
            },
            {
                "material_name": "\uc124\ud0d5",
                "material_opecity": "100g "
            },
            {
                "material_name": "\uacc4\ub780\ud770\uc790",
                "material_opecity": "2\uac1c "
            },
            {
                "material_name": "\ubc14\ub2d0\ub77c\uc5d0\uc13c\uc2a4",
                "material_opecity": " "
            }
        ]
    },
    {
        "_id": "660ccfac7d34c5b74c6cd1da",
        "recipe_title": "\uace0\uc18c\ud55c~ \uac80\uc815\ucf69 \uae68 \uc2dd\ube75 \ub9cc\ub4e4\uae30",
        "recipe_img_url": "https://recipe1.ezmember.co.kr/cache/recipe/2018/09/01/7171345187e25d191fa6978d489900bb1.jpg",
        "recipe_steps": [
            {
                "recipe_step_content": "\ubb3c\uc5d0 \ubd88\ub824 \uc0b6\uc740 \uac80\uc815\ucf69\uc740 \uac80\uc815\ucf69 \uc0b6\uc740 \ubb3c\uacfc \ud568\uaed8 \ub123\uc5b4 \uacf1\uac8c \uac08\uc544 \uc900\ube44\ud569\ub2c8\ub2e4.",
                "recipe_step_img": "https://recipe1.ezmember.co.kr/cache/recipe/2018/09/01/5f0006f335eb0e6b047be971b76097521.jpg"
            },
            {
                "recipe_step_content": "\ud3ec\ub3c4\uc528\uc720\ub9cc \uc81c\uc678\ud558\uace0 \uc804\uc7ac\ub8cc\ub97c \ub123\uace0 \ubc18\uc8fd\ud574\uc8fc\uc138\uc694. \ud55c\ub369\uc5b4\ub9ac\ub85c \ubb49\uce58\uba74 \ud3ec\ub3c4\uc528\uc720\ub97c \ub123\uace0 \ub9d0\ub791\ud55c \ubc18\uc8fd\uc744 \ub9cc\ub4e4\uc5b4\uc8fc\uc138\uc694. \uc800\ub294 \uc624\ub79c\ub9cc\uc5d0 \uc81c\ube75\uae30\ub97c \uaebc\ub0b4 \ubc18\uc8fd\ucf54\uc2a4\ub85c \ub3cc\ub824\uc8fc\uc5c8\uc5b4\uc694. \uac80\uc815\ucf69\uc744 \uac08\uc544 \ub123\uc5c8\uae30 \ub54c\ubb38\uc5d0 \ud658\uacbd\uc5d0 \ub530\ub77c \uc9c8\uae30\uac00 \ub2e4\ub97c\uc218 \uc788\uc2b5\ub2c8\ub2e4. \ud658\uacbd\uc5d0 \ub9de\uc5d0 \uc218\ubd84\uc591\uc740 \uc870\uc808\ud574\uc8fc\uc138\uc694.",
                "recipe_step_img": "https://recipe1.ezmember.co.kr/cache/recipe/2018/09/01/8666ecfe6a7d295f4aaf051cf48ff7dd1.jpg"
            },
            {
                "recipe_step_content": "\uc644\uc131\ub41c \ubc18\uc8fd\uc740 \uc798 \ub465\uae00\ub824 \ubcfc\uc5d0 \ub123\uace0 \uc2e4\uc628\uc5d0\uc11c 1\ucc28 \ubc1c\ud6a8\ub97c \ud574\uc8fc\uc138\uc694. 2.5\ubc30 \uc815\ub3c4\ub85c \ubd80\ud480\uba74 \ubc1c\ud6a8 \uc644\ub8cc\uc785\ub2c8\ub2e4.",
                "recipe_step_img": "https://recipe1.ezmember.co.kr/cache/recipe/2018/09/01/3cdb4af7bd51191cc4e349314fa367e61.jpg"
            },
            {
                "recipe_step_content": "1\ucc28 \ubc1c\ud6a8\uac00 \uc644\ub8cc\ub41c \ubc18\uc8fd\uc740 \uc798 \ub465\uae00\ub824 \uc816\uc740 \uba74\ubcf4\ub97c \ub36e\uace0 10\ubd84 \uc815\ub3c4 \uc911\uac04\ubc1c\ud6a8\ub97c \ud574\uc8fc\uc138\uc694.",
                "recipe_step_img": "https://recipe1.ezmember.co.kr/cache/recipe/2018/09/01/2a6b4a88510725464db1790172aebe761.jpg"
            },
            {
                "recipe_step_content": "\uadf8\ub7f0 \ub2e4\uc74c \uc6d0\ub8e8\ud504\ub85c \uc131\ud615\ud569\ub2c8\ub2e4. \ubc00\ub300\ub85c \ubc00\uc5b4 \ud0c0\uc6d0\ud615\uc73c\ub85c \ub9cc\ub4e0 \ub4a4 \uc704\uc5d0\uc11c \ubd80\ud130 \uc798 \ub9d0\uc544\uc8fc\uc138\uc694. \uc798 \uaf2c\uc9d1\uc5b4 \uc6d0\ud1b5\ud615 \ubaa8\uc591\uc73c\ub85c \ub9c8\ubb34\ub9ac\ub97c \ud574\uc90d\ub2c8\ub2e4.",
                "recipe_step_img": "https://recipe1.ezmember.co.kr/cache/recipe/2018/09/01/9d7e7443a56a550af3f779a1e7df4bb11.jpg"
            },
            {
                "recipe_step_content": "\uc624\uc77c\uce60\ud55c \ud32c\uc5d0 \ud32c\ub2dd\ud55c \ud6c4 \uc798 \ub20c\ub7ec 2\ucc28 \ubc1c\ud6a8\ub97c \ud574\uc8fc\uc138\uc694. \uc2e4\uc628\uc5d0\uc11c \ud2c0 \ub192\uc774\uae4c\uc9c0 \uc624\ub3c4\ub85d \ubc1c\ud6a8\ud574\uc8fc\uc138\uc694. 2\ucc28 \ubc1c\ud6a8\uac00 \uc644\ub8cc\ub418\uba74 180\ub3c4\ub85c \uc608\uc5f4\ub41c \uc624\ube10\uc5d0\uc11c 25\ubd84 \uc815\ub3c4 \ub178\ub987\ud558\uac8c \uad6c\uc6cc\uc8fc\uc138\uc694. \ud32c\uc5d0\uc11c \ubd84\ub9ac\ud55c \ub4a4 \uc2dd\ud798\ub9dd\uc5d0\uc11c \uc2dd\ud788\uba74 \uc644\uc131~!\uc624\ube10",
                "recipe_step_img": "https://recipe1.ezmember.co.kr/cache/recipe/2018/09/01/a9f801fa99ff40502b9959eacb571a7e1.jpg"
            }
        ],
        "recipe_material_list": [
            {
                "material_name": "\uc625\uc218\uc218\uc2dd\ube75\ud2c0",
                "material_opecity": "1\uac1c\ubd84 "
            },
            {
                "material_name": "\uac15\ub825\ubd84",
                "material_opecity": "300g "
            },
            {
                "material_name": "\uc778\uc2a4\ud134\ud2b8\ub4dc\ub77c\uc774\uc774\uc2a4\ud2b8",
                "material_opecity": "5g "
            },
            {
                "material_name": "\uc18c\uae08",
                "material_opecity": "1ts "
            },
            {
                "material_name": "\ud3ec\ub3c4\uc528\uc720",
                "material_opecity": "15g "
            },
            {
                "material_name": "\uafc0",
                "material_opecity": "25g "
            },
            {
                "material_name": "\uc0b6\uc740\uac80\uc815\ucf69",
                "material_opecity": "160g "
            },
            {
                "material_name": "\uac80\uc815\ucf69\uc0b6\uc740\ubb3c",
                "material_opecity": "175g "
            },
            {
                "material_name": "\ucc38\uae68",
                "material_opecity": "20g "
            }
        ]
    },
    {
        "_id": "660ccfac7d34c5b74c6cd1db",
        "recipe_title": "\uac80\uc815\ucf69\uac00\ub8e8 \ub3c8\uae4c\uc2a4 \ub808\uc2dc\ud53c",
        "recipe_img_url": "https://recipe1.ezmember.co.kr/cache/recipe/2016/03/11/3e7a004f67d49d805be3352d03144c711.gif",
        "recipe_steps": [
            {
                "recipe_step_content": "\uc7ac\ub8cc\uc900\ube44!",
                "recipe_step_img": "https://recipe1.ezmember.co.kr/cache/recipe/2016/03/11/b7d2ffef336a2f84f7cdbb7a2dbce3541.gif"
            },
            {
                "recipe_step_content": "\ub3fc\uc9c0\uace0\uae30 \uc548\uc2ec\uc740 1cm\uc758 \ub450\uaed8\ub85c \uc370\uc5b4\uc11c \uce7c\ub4f1\uc73c\ub85c \uac00\ubccd\uac8c \ub450\ub4e4\uaca8 \uc18c\uae08, \ud6c4\ucd94\uac00\ub8e8\ub85c \uac04\uc744 \ud55c\ub2e4.",
                "recipe_step_img": "https://recipe1.ezmember.co.kr/cache/recipe/2016/03/11/74a17bd8e946569b684a8cd607e5b37d1.gif"
            },
            {
                "recipe_step_content": "\ub3fc\uc9c0\uace0\uae30 \uc548\uc2ec\uc744 \uac80\uc740 \ucf69\uac00\ub8e8\uc5d0 \uace8\uace0\ub8e8 \uc785\ud78c\ub2e4.",
                "recipe_step_img": "https://recipe1.ezmember.co.kr/cache/recipe/2016/03/11/027a3b6305bea76598910d24a048d0bd1.gif"
            },
            {
                "recipe_step_content": "\ub2ec\uac40\ubb3c\uc744 \uc785\ud788\uace0 \ube75\uac00\ub8e8\ub97c \uace8\uace0\ub8e8 \uc785\ud600 \uaf2d\uaf2d \ub20c\uc5b4\uc900\ud6c4 \uc2dd\uc6a9\uc720\uc5d0\uc11c \ub178\ub987\ub178\ub987\ud558\uac8c \uc775\ud78c\ub2e4.",
                "recipe_step_img": "https://recipe1.ezmember.co.kr/cache/recipe/2016/03/11/9b6f5f02a9057b9182527c320001a9cd1.gif"
            },
            {
                "recipe_step_content": "\ubc30\ucd94\ub294 \uacf1\uac8c \ucc44\uc370\uc5b4 \ucc2c\ubb3c\uc5d0 \ub2f4\uac14\ub2e4\uac00 \uac74\uc838 \ub3c8\uae4c\uc2a4\uc5d0 \uacc1\ub4e4\uc774\uace0 \ub3c8\uae4c\uc2a4\uc18c\uc2a4\ub97c \uacc1\ub4e4\uc778\ub2e4.",
                "recipe_step_img": "https://recipe1.ezmember.co.kr/cache/recipe/2016/03/11/da87e6ced07a1d726cddc5a6005f8c491.gif"
            },
            {
                "recipe_step_content": "\uc644\uc131!",
                "recipe_step_img": "https://recipe1.ezmember.co.kr/cache/recipe/2016/03/11/1f1a7ef7f6f12eec038b851b210c41631.gif"
            }
        ],
        "recipe_material_list": [
            {
                "material_name": "\ub3fc\uc9c0\uace0\uae30(\uc548\uc2ec)",
                "material_opecity": "200g "
            },
            {
                "material_name": "\uac80\uc740\ucf69\uac00\ub8e8",
                "material_opecity": "1/4\ucef5 "
            },
            {
                "material_name": "\ub2ec\uac40",
                "material_opecity": "1\uac1c "
            },
            {
                "material_name": "\ube75\uac00\ub8e8",
                "material_opecity": "1\ucef5 "
            },
            {
                "material_name": "\uc18c\uae08",
                "material_opecity": "\uc57d\uac04\uc529 "
            },
            {
                "material_name": "\ud6c4\ucd94",
                "material_opecity": "\uc57d\uac04\uc529 "
            },
            {
                "material_name": "\uc2dd\uc6a9\uc720\ud280\uae40\uc6a9",
                "material_opecity": "\uc801\ub2f9\ub7c9 "
            },
            {
                "material_name": "\uc591\ubc30\ucd94",
                "material_opecity": "4\uc7a5 "
            },
            {
                "material_name": "\ub3c8\uae4c\uc2a4\uc18c\uc2a4",
                "material_opecity": "\uc801\ub2f9\ub7c9 "
            }
        ]
    },
    {
        "_id": "660ccfac7d34c5b74c6cd1dc",
        "recipe_title": "\uc0dd\ub545\ucf69 \uac80\uc815\ucf69 \uc870\ub9bc \uac80\uc815\ucf69\uc5d0 \uc0dd\ub545\ucf69\uc744 \ub123\uc5b4\uc11c \ucf69\uc7a5\uc870\ub9bc \ud558\ub294 \ubc95",
        "recipe_img_url": "https://recipe1.ezmember.co.kr/cache/recipe/2023/11/29/1810b30e18d797301df4e437fc45e7ef1.jpg",
        "recipe_steps": [
            {
                "recipe_step_content": "\uac80\uc815\ucf69 \uc0dd\ub545\ucf69\uc744 \uc900\ube44\ud574 \uc8fc\uc138\uc694",
                "recipe_step_img": "https://recipe1.ezmember.co.kr/cache/recipe/2023/11/29/63ff9ab3c71786ae0bbf6aa22392c0c61.jpg"
            },
            {
                "recipe_step_content": "\uac80\uc815\ucf69\uc744 \uae68\ub057\uc774 \uc53b\uc5b4\uc11c 6\uc2dc\uac04\uc815\ub3c4 \ubd88\ub824 \uc8fc\uc138\uc694\ubcfc",
                "recipe_step_img": "https://recipe1.ezmember.co.kr/cache/recipe/2023/11/29/43ab75fd9d6d868eee5f243a83ff51301.jpg"
            },
            {
                "recipe_step_content": "\ub0c4\ube44\uc5d0 \ubb3c\uc744 \ub053\uc5ec \uc8fc\uc138\uc694\ub0c4\ube44",
                "recipe_step_img": "https://recipe1.ezmember.co.kr/cache/recipe/2023/11/29/3b8f68a1359f5064c97ec6c6f279bbe71.jpg"
            },
            {
                "recipe_step_content": "\ubb3c\uc774 \ub053\uc73c\uba74 \ub545\ucf69\uc744 1\ubd84\uc815\ub3c4 \ub053\uc5ec \uc8fc\uc138\uc694",
                "recipe_step_img": "https://recipe1.ezmember.co.kr/cache/recipe/2023/11/29/59be31237b971dc9f6a921c1e49f2c241.jpg"
            },
            {
                "recipe_step_content": "\uc18c\ucfe0\ub9ac\uc5d0 \ub2f4\uc544\uc11c \ud750\ub974\ub294 \ubb3c\uc5d0 \uc53b\uc5b4\uc11c \ucc44\ubc18\uc5d0 \ubb3c\uae30\ub97c \ube7c\uc8fc\uc138\uc694\uc18c\ucfe0\ub9ac , \ucc44\ubc18",
                "recipe_step_img": "https://recipe1.ezmember.co.kr/cache/recipe/2023/11/29/df372f58073a5fdc9e298ce0a743886f1.jpg"
            },
            {
                "recipe_step_content": "6\uc2dc\uac04 \ubd88\ub824\uc9c4 \ucf69\uc774\ub78d\ub2c8\ub2e4",
                "recipe_step_img": "https://recipe1.ezmember.co.kr/cache/recipe/2023/11/29/7d8b621b0e2cb92465ed61c99d45d1821.jpg"
            },
            {
                "recipe_step_content": "\ub0c4\ube44\uc5d0 \ucf69\uacfc \ub545\ucf69\uc744 \ub123\uc5b4 \uc8fc\uc138\uc694",
                "recipe_step_img": "https://recipe1.ezmember.co.kr/cache/recipe/2023/11/29/d49e6c8f201f71f1bbfe59e725e859c41.jpg"
            },
            {
                "recipe_step_content": "\ubd88\ub9b0 \ucf69\ubb3c 1\ucef5\uacfc \uc0dd\uc218 2\ucef5\uc744 \ub123\uc5b4 \uc8fc\uc138\uc694",
                "recipe_step_img": "https://recipe1.ezmember.co.kr/cache/recipe/2023/11/29/1f799daebffc0d8af0e6bdb091fb9b601.jpg"
            },
            {
                "recipe_step_content": "\uac15\ubd88\uc5d0\uc11c \ub053\uc5ec\uc8fc\uc138\uc694",
                "recipe_step_img": "https://recipe1.ezmember.co.kr/cache/recipe/2023/11/29/b16855e9ffc7916a5d7519b4e7bc7fe31.jpg"
            },
            {
                "recipe_step_content": "\uc18c\uc2a4 \uad6d\ubb3c\uc774 5\ud070\uc220 \uc815\ub3c4 \ub0a8\uc558\uc744\ub54c \uac00\uc871\uc758 \uae30\ud638\uc5d0 \ub9de\uac8c \uac04\uc744 \uac00\uac10\ud574 \uc8fc\uc138\uc694",
                "recipe_step_img": "https://recipe1.ezmember.co.kr/cache/recipe/2023/11/29/5d50d461c93d4b7b983d5983e90f7b001.jpg"
            },
            {
                "recipe_step_content": "\ub9c8\uc9c0\ub9c9\uc73c\ub85c \uc57d\ubd88\ub85c \uc870\ub824\uc11c \ubd88\uc744 \uaebc\uc8fc\uc138\uc694",
                "recipe_step_img": "https://recipe1.ezmember.co.kr/cache/recipe/2023/11/29/b0b8a576048f20225e09d6ca9e42cbd21.jpg"
            }
        ],
        "recipe_material_list": [
            {
                "material_name": "\uc0dd\ub545\ucf69",
                "material_opecity": "200g "
            },
            {
                "material_name": "\uac80\uc815\ucf69",
                "material_opecity": "300g "
            },
            {
                "material_name": "\uc591\uc870\uac04\uc7a5",
                "material_opecity": "11\ud070\uc220 "
            },
            {
                "material_name": "\uc62c\ub9ac\uace0\ub2f9",
                "material_opecity": "5\ud070\uc220 "
            },
            {
                "material_name": "\uc0dd\uac15\uc999",
                "material_opecity": "1t "
            },
            {
                "material_name": "\ubd88\ub9b0\ucf69\ubb3c",
                "material_opecity": "1\ucef5 "
            },
            {
                "material_name": "\ubb3c",
                "material_opecity": "2\uba38\uadf8\ucef5 "
            }
        ]
    },
    {
        "_id": "660ccfac7d34c5b74c6cd1de",
        "recipe_title": "\uc5d0\uc5b4\ud504\ub77c\uc774\uc5b4\uc694\ub9ac : \uac80\uc815\ucf69 \uc11c\ub9ac\ud0dc\ucf69\ubcf6\uc74c \uc601\uc591\uac04\uc2dd, \uc8fc\uc804\ubd80\ub9ac\ub85c \uc88b\uc544\uc694",
        "recipe_img_url": "https://recipe1.ezmember.co.kr/cache/recipe/2020/03/25/4b4da0b1d68334e4c11f9d6d407fc8281.jpg",
        "recipe_steps": [
            {
                "recipe_step_content": "\uc5d0\uc5b4\ud504\ub77c\uc774\uc5b4\uc5d0 \ubcf6\uc544\uc904 \uac80\uc815\ucf69\uc744 \uc900\ube44\ud55c\ub2e4(\uc885\uc774\ucef51\ucef5\ubd84\ub7c9)",
                "recipe_step_img": "https://recipe1.ezmember.co.kr/cache/recipe/2020/03/25/804b6a9c41cb5f42123626cc9b78c2721.jpg"
            },
            {
                "recipe_step_content": "\ubb3c\uc5d0 3\uc2dc\uac04 \ubd88\ub824\uc900\ub2e4",
                "recipe_step_img": "https://recipe1.ezmember.co.kr/cache/recipe/2020/03/25/e848b7f34c90d4975c79496d732995bc1.jpg"
            },
            {
                "recipe_step_content": "\uc5d0\uc5b4\ud504\ub77c\uc774\uc5b4\uc5d0 \ub123\uace0 180\ub3c4 15\ubd84\uc73c\ub85c \uc124\uc815\ud574 \ubcf6\uc544\uc900\ub2e4\uc5d0\uc5b4\ud504\ub77c\uc774\uc5b4\uc774\ub54c \uc5d0\uc5b4\ud504\ub77c\uc774\uc5b4 \ubc14\uc2a4\ucf13 \ubc14\ub2e5\ubd80\ubd84\uc5d0 \ucf69\uc774 \ud3bc\uccd0\uc9c0\ub3c4\ub85d \ud574\uc8fc\uc138\uc694",
                "recipe_step_img": "https://recipe1.ezmember.co.kr/cache/recipe/2020/03/25/91693d530a0476eecf52bac3ba6e6af51.jpg"
            },
            {
                "recipe_step_content": "15\ubd84 \ud6c4 \uc5d0\uc5b4\ud504\ub77c\uc774\uc5b4 \uc11c\ub9ac\ud0dc\ucf69 \ubcf6\uc74c \uc644\uc131",
                "recipe_step_img": "https://recipe1.ezmember.co.kr/cache/recipe/2020/03/25/2b8e46eb994ad54dd157bd3da502b4351.jpg"
            }
        ],
        "recipe_material_list": [
            {
                "material_name": "\uac80\uc815\ucf69",
                "material_opecity": "1\uc885\uc774\ucef5 "
            }
        ]
    },
    {
        "_id": "660ccfac7d34c5b74c6cd1df",
        "recipe_title": "\uace0\uc18c\ud558\uace0 \uc2dc\uc6d0\ud55c \uac80\uc815\ucf69 \uad6d\uc218",
        "recipe_img_url": "https://recipe1.ezmember.co.kr/cache/recipe/2018/08/05/b810b16b67058cd3aad58203cd7b80241.jpg",
        "recipe_steps": [
            {
                "recipe_step_content": "\uc704\uc5d0\uc7ac\ub8cc\ub97c \uc900\ube44\ud574\uc8fc\uc138\uc694",
                "recipe_step_img": "https://recipe1.ezmember.co.kr/cache/recipe/2018/08/05/0dae021d9ff8c643460d934c54c2058d1.jpg"
            },
            {
                "recipe_step_content": "\uac80\uc815\ucf69\uc744 5\uc2dc\uac04 \ubd88\ub824\uc8fc\uc138\uc694",
                "recipe_step_img": "https://recipe1.ezmember.co.kr/cache/recipe/2018/08/05/c1c67f87545f5cbdf3ba2b74446e37811.jpg"
            },
            {
                "recipe_step_content": "3\uc744 10\ubd84 \uc0b6\uc544\uc8fc\uc138\uc694",
                "recipe_step_img": "https://recipe1.ezmember.co.kr/cache/recipe/2018/08/05/4661d2c116346bfe97d5c419335499bc1.jpg"
            },
            {
                "recipe_step_content": "3\uc744 \ucc2c\ubb3c\uc5d0 \ud589\uad6c\uc5b4 \uc8fc\uc138\uc694",
                "recipe_step_img": "https://recipe1.ezmember.co.kr/cache/recipe/2018/08/05/7054a92ff1635bafb3063e39d74036b51.jpg"
            },
            {
                "recipe_step_content": "4\ub97c \ubbf9\uc11c\uc5d0 \uac08\uc544 \uc8fc\uc138\uc694",
                "recipe_step_img": "https://recipe1.ezmember.co.kr/cache/recipe/2018/08/05/ef17d47189435167cbd34417d8d44e0e1.jpg"
            },
            {
                "recipe_step_content": "5\uc5d0 \ub545\ucff5\ubc84\ud130\ub97c \ub123\uc5b4\uc8fc\uc138\uc694",
                "recipe_step_img": "https://recipe1.ezmember.co.kr/cache/recipe/2018/08/05/fbe349d1ce2dd177ec5b2245a359c4f21.jpg"
            },
            {
                "recipe_step_content": "6\uc744 \uac08\uc544\uc8fc\uc138\uc694",
                "recipe_step_img": "https://recipe1.ezmember.co.kr/cache/recipe/2018/08/05/2985a3356dbab32f285ae532e980278e1.jpg"
            },
            {
                "recipe_step_content": "7\uc744 \ucc44\uc5d0 \ubc1b\uc5b4\uc8fc\uc138\uc694",
                "recipe_step_img": "https://recipe1.ezmember.co.kr/cache/recipe/2018/08/05/be9797e24bab76d62e30e2cac4b6d5721.jpg"
            },
            {
                "recipe_step_content": "\uc18c\uba74\uc744 \uc0b6\uc544 \uc8fc\uc138\uc694",
                "recipe_step_img": "https://recipe1.ezmember.co.kr/cache/recipe/2018/08/05/6bee87e3f41939212417614f12329d831.jpg"
            },
            {
                "recipe_step_content": "\uace0\uc18c\ud55c \ucef9\uad6d\uc218\uac00 \uc644\uc131 \ub410\uc2b5\ub2c8\ub2e4",
                "recipe_step_img": "https://recipe1.ezmember.co.kr/cache/recipe/2018/08/05/4b917353c39b5a9f5f5d9b4e2a9783fc1.jpg"
            }
        ],
        "recipe_material_list": [
            {
                "material_name": "\uac80\uc815\ucf69",
                "material_opecity": " "
            },
            {
                "material_name": "\ub545\ucf69\ubc84\ud130",
                "material_opecity": " "
            },
            {
                "material_name": "\uc624\uc774",
                "material_opecity": " "
            },
            {
                "material_name": "\uc18c\uba74",
                "material_opecity": " "
            },
            {
                "material_name": "\ud1a0\ub9c8\ud1a0",
                "material_opecity": " "
            }
        ]
    },
    {
        "_id": "660ccfac7d34c5b74c6cd1e1",
        "recipe_title": "\uac80\uc815\ucf69\uc73c\ub85c \ucf69\uac00\ub8e8 \ub9cc\ub4e4\uae30/\uc815\ub9d0 \uc2e0\uc774\ub098\uac8c \ub9cc\ub4e4\uc5b4\ubd05\ub2c8\ub2e4.",
        "recipe_img_url": "https://recipe1.ezmember.co.kr/cache/recipe/2020/09/30/8fc12a289bf6abfd9d328f5f0f2cc4ed1.jpg",
        "recipe_steps": [
            {
                "recipe_step_content": "\ucf69\uc744 \uc7a1\ud2f0\ub098 \ubcc0\uc0c9\ud55c \uac83\uc744 \uace8\ub77c \ubc84\ub9ac\uace0 \uae68\ub057\uc774 \uc53b\uc5b4\uc11c \ubb3c\uae30\ub97c \ube80 \ud6c4\uc5d0 \ub113\uc740 \uadf8\ub987\uc5d0 \ub123\uace0 \ubcf6\uc544 \uc90d\ub2c8\ub2e4. \uc5ec\ub7ec\ubc88 \ubcf6\uc544 \uc8fc\uc5c8\uc5b4\uc694.",
                "recipe_step_img": "https://recipe1.ezmember.co.kr/cache/recipe/2020/09/30/c9dbe23a150659ee1bf9892255adce421.jpg"
            },
            {
                "recipe_step_content": "\uc5ec\ub7ec\ubc88 \ub098\ub258\uc5b4 \ubcf6\uc544 \uc90d\ub2c8\ub2e4..",
                "recipe_step_img": "https://recipe1.ezmember.co.kr/cache/recipe/2020/09/30/e7191d8592bbef6d00d8a6920e8492031.png"
            },
            {
                "recipe_step_content": "\ud55c\ubc88 \ubcf6\ub294 \uc2dc\uac04\uc774 15~20\ubd84\uc815\ub3c4 . \uc26c\uc9c0\ub9d0\uace0 \uacc4\uc18d \uc800\uc5b4\uc8fc\uba74\uc11c \ub098\uc911\uc5d0 \ud1a1 \ud1a1 \uc18c\ub9ac\uac00 \ub4e4\ub824\uc694 \uadf8 \ud6c4 2\ubd84 \uc815\ub3c4 \ub354 \ubcf6\uc740 \ud6c4\uc5d0 \uaebc\ub0c5\ub2c8\ub2e4.",
                "recipe_step_img": "https://recipe1.ezmember.co.kr/cache/recipe/2020/09/30/560769b2994d0afa81e63e75cdd848621.png"
            },
            {
                "recipe_step_content": "\ucf69\uc758 \uc5f4\uae30\ub97c \uc2dd\ud788\uae30 \uc704\ud574 \ub450 \uadf8\ub987\uc5d0 \ub2f4\uc558\uc5b4\uc694.",
                "recipe_step_img": "https://recipe1.ezmember.co.kr/cache/recipe/2020/09/30/2b27356010193f00f11a0da2e73d873d1.png"
            },
            {
                "recipe_step_content": "\ucf69\uc758 \uc5f4\uae30\ub97c \uc2dd\ud788\uae30 \uc704\ud574 \ub450 \uadf8\ub987\uc5d0 \ub2f4\uc558\uc5b4\uc694. \ubbf9\uc11c\uae30\uc5d0 \ud55c \uc6c0\ud07c\uc529 \ub2f4\uc544\uc11c \uac08\uc544\uc90d\ub2c8\ub2e4. 1\ubd84\ucc44 \uc548\ub418\uc11c \ud55c\ubc88 \uc704 \uc544\ub798 \uc11e\uc5b4\uc8fc\uace0 \ub2e4\uc2dc 1\ubd84\ucc44 \uc548\ub418\uac8c \uac08\uc544\uc8fc\uba74\ub418\uc694. \uc591\uc774 \ub9ce\uc73c\uba74 \ubbf9\uc11c\uae30\uac00 \uc791\ub3d9\uc548\ub418\uace0 \uc5f4\ubc1b\uc544\uc694.",
                "recipe_step_img": "https://recipe1.ezmember.co.kr/cache/recipe/2020/09/30/04ff4b87803cad5a2f7951e86236dac51.png"
            },
            {
                "recipe_step_content": "\ubbf9\uc11c\uae30\uc5d0 \uac08\uc740 \ucf69\uac00\ub8e8 \uc785\ub2c8\ub2e4. \uc774\uac83\uc744 \uccb4\uc5d0 \ubc1b\uccd0\uc8fc\uc138\uc694. \uc0c9\uc774 \uc880 \uce59\uce59\ud558\uc9c0\uc694. \uc870\uae08\uc740 \uac71\uc815\ub418\ub124\uc694.",
                "recipe_step_img": "https://recipe1.ezmember.co.kr/cache/recipe/2020/09/30/18ff37aa74a4f4a6229b90368249c2bb1.jpg"
            },
            {
                "recipe_step_content": "\uccb4 \ub9c8\uc9c0\ub9c9\uc5d4 \ubaa8\ub798\uc54c\ucc98\ub7fc \ub0a8\ub294 \uac83\uc740 \ubc84\ub824\uc8fc\uc138\uc694. \uc815\ub9d0 \ub531\ub531\ud569\ub2c8\ub2e4.",
                "recipe_step_img": "https://recipe1.ezmember.co.kr/cache/recipe/2020/09/30/e504b9b56a86b000a9151ac50e0afeb31.png"
            },
            {
                "recipe_step_content": "\uccb4\uc5d0 \ubc1b\uce5c \ud6c4\uc5d0 \ucf69\uac00\ub8e8 \ub290\ub08c \ub2e4\ub974\uc9c0 \uc54a\ub098\uc694? \ub108\ubb34 \uc608\uc058\uc9c0\uc694?",
                "recipe_step_img": "https://recipe1.ezmember.co.kr/cache/recipe/2020/09/30/024c3c840a65ec3073a34f52fbfd6ebb1.jpg"
            },
            {
                "recipe_step_content": "\uc900\ube44\ub41c \uc720\ub9ac\ubcd1\uc5d0 \ub2f4\uc73c\ub2c8 \ub108\ubb34 \ubfcc\ub4ef\ud55c \uac83 \uc788\uc8e0!",
                "recipe_step_img": "https://recipe1.ezmember.co.kr/cache/recipe/2020/09/30/c28a67bc6c5e2569776462169a72c02a1.jpg"
            },
            {
                "recipe_step_content": "\ucf69 \uac00\ub8e8 \ub9cc\ub4dc\ub294 \uac83\uc740 \uc5ed\uc2dc\ub098 \uc27d\ub124\uc694. \ubd80\uc218\ub294\uac70\ub77c \uadf8\ub7f0\uac00?\u314b\u314b",
                "recipe_step_img": "https://recipe1.ezmember.co.kr/cache/recipe/2020/09/30/722f557dfa7cdaf07ca2d9be7b8a54901.jpg"
            }
        ],
        "recipe_material_list": [
            {
                "material_name": "\uac80\uc815\ucf69",
                "material_opecity": "900g "
            }
        ]
    },
    {
        "_id": "660ccfac7d34c5b74c6cd1e4",
        "recipe_title": "[\ucf69\uc870\ub9bc \ub9cc\ub4dc\ub294 \ubc95]\uc544\uc774\ubc18\ucc2c \uc5b4\ub9b0\uc774\ubc18\ucc2c \uc601\uc591\ubc18\ucc2c \uac80\uc815\ucf69 \uc11c\ub9ac\ud0dc \ucf69\uc7a5 \ucf69\uc790\ubc18 \ub808\uc2dc\ud53c!!",
        "recipe_img_url": "https://recipe1.ezmember.co.kr/cache/recipe/2020/07/27/3ebb23067c4a3c5adde291425d2bff231.jpg",
        "recipe_steps": [
            {
                "recipe_step_content": "\uac80\uc815\ucf69 1\uacf5\uae30\ub97c \uc900\ube44\ud574 \uc8fc\uc138\uc694.",
                "recipe_step_img": "https://recipe1.ezmember.co.kr/cache/recipe/2020/07/27/5d1e7fd1028d0ebac3f52be72863e4121.jpg"
            },
            {
                "recipe_step_content": "\uac80\uc815\ucf69\uc744 \uc53b\uc5b4 \uc8fc\uc138\uc694",
                "recipe_step_img": "https://recipe1.ezmember.co.kr/cache/recipe/2020/07/27/df7b6047bc589e41c4bb711d2badd52f1.jpg"
            },
            {
                "recipe_step_content": "\ub0c4\ube44\uc5d0 \uac80\uc815\ucf69\uc744 \ub2f4\uc544 \uc8fc\uc138\uc694.",
                "recipe_step_img": "https://recipe1.ezmember.co.kr/cache/recipe/2020/07/27/30488e31ed5ca653abe824a3a68923c31.jpg"
            },
            {
                "recipe_step_content": "\uac80\uc815\ucf69\uc774 \ub4e0 \ub0c4\ube44\uc5d0 \ubb3c 5\uacf5\uae30\ub97c \ubd93\uace0 \uc911\ubd88\uc5d0\uc11c 20\ubd84 \ub3d9\uc548 \uc0b6\uc544 \uc8fc\uc138\uc694.(Tip.\uac80\uc815\ucf69\uc744 \ub2f4\uc740 \uacf5\uae30\uc640 \uac19\uc740 \uacf5\uae30\ub97c \uc0ac\uc6a9\ud574 \uc8fc\uc138\uc694.)",
                "recipe_step_img": "https://recipe1.ezmember.co.kr/cache/recipe/2020/07/27/9332dc9ede622c2a4deedf0e30a715871.jpg"
            },
            {
                "recipe_step_content": "20\ubd84\uc774 \uc9c0\ub098\uba74 \uc774\ub807\uac8c \ucf69\uc774 \ubd84\ub2f5\ub2c8\ub2e4.",
                "recipe_step_img": "https://recipe1.ezmember.co.kr/cache/recipe/2020/07/27/0de6d5679d2ca8ff6c2a30e42392e5911.jpg"
            },
            {
                "recipe_step_content": "\uac04\uc7a5 5\ud070\uc220\uc744 \ub123\uc5b4 \uc8fc\uc138\uc694.",
                "recipe_step_img": "https://recipe1.ezmember.co.kr/cache/recipe/2020/07/27/c1b7ffad3c7029d0e4617d0f5102310e1.jpg"
            },
            {
                "recipe_step_content": "\uc300\uc870\uccad 2\ud070\uc220\uc744 \ub123\uace0 \uc911\ubd88\uc5d0\uc11c 20\ubd84, \uc57d\ubd88\uc5d0\uc11c 10\ubd84 \ucd1d 30\ubd84 \ub3d9\uc548 \uc878\uc5ec \uc8fc\uc138\uc694.",
                "recipe_step_img": "https://recipe1.ezmember.co.kr/cache/recipe/2020/07/27/1e837f647b10fee536e6fdb920c4473f1.jpg"
            },
            {
                "recipe_step_content": "\uad6d\ubb3c\uc774 \uc790\uc791\uc790\uc791 \ub2e4 \uc878\uba74 \ubd88\uc744 \uaebc \uc8fc\uc138\uc694.",
                "recipe_step_img": "https://recipe1.ezmember.co.kr/cache/recipe/2020/07/27/b5df660ec24523c770a4d79ba94fed481.jpg"
            },
            {
                "recipe_step_content": "\ubc18\ucc2c\ud1b5\uc5d0 \uc608\uc058\uac8c \ub2f4\uace0 \uae68\uc18c\uae08 \uc194\uc194 \ubfcc\ub824 \uc8fc\uc138\uc694.",
                "recipe_step_img": "https://recipe1.ezmember.co.kr/cache/recipe/2020/07/27/4c465610be8cbe5e734ef85817c4a0c21.jpg"
            }
        ],
        "recipe_material_list": [
            {
                "material_name": "\uac80\uc815\ucf69",
                "material_opecity": "1\uacf5\uae30 "
            },
            {
                "material_name": "\ubb3c",
                "material_opecity": "5\uacf5\uae30 "
            },
            {
                "material_name": "\uac04\uc7a5",
                "material_opecity": "5\ud070\uc220 "
            },
            {
                "material_name": "\uc300\uc870\uccad",
                "material_opecity": "2\ud070\uc220 "
            }
        ]
    },
    {
        "_id": "660ccfac7d34c5b74c6cd1e5",
        "recipe_title": "\ub2e8\uc9e0\ub2e8\uc9e0 \ubd80\ub4dc\ub7ec\uc6b4 \uc11c\ub9ac\ud0dc\ucf69\uc790\ubc18 \ub9cc\ub4e4\uae30, \uac80\uc815\ucf69\uc870\ub9bc, \ucf69\uc7a5\ub9cc\ub4e4\uae30~",
        "recipe_img_url": "https://recipe1.ezmember.co.kr/cache/recipe/2022/07/04/d25667d8331c8c8771ee4ca778cb1fe91.jpg",
        "recipe_steps": [
            {
                "recipe_step_content": "*\uac80\uc815\ucf69 \ubd88\ub9ac\uae30\n2~3\ubc88 \uae68\ub057\ud55c \ubb3c\ub85c \uc53b\uc5b4\uc11c \ubb3c\uc744 \uc7a0\uae30\uac8c \ub123\uace0 4\uc2dc\uac04 \uac00\ub7c9 \ubd88\ub824\uc90d\ub2c8\ub2e4.\uc5ec\ub984 \uc2e4\uc628\uc5d0 \ub108\ubb34 \uc624\ub798\ub450\uba74 \uc274 \uc218 \uc788\uc73c\ub2c8 \uc624\ub798 \ubd88\ub824\uc57c\ud558\uba74 \ub0c9\uc7a5\uc2e4\uc5d0\uc11c \ubd88\ub824\uc8fc\uc138\uc694~",
                "recipe_step_img": "https://recipe1.ezmember.co.kr/cache/recipe/2022/07/04/a9e3ac1d98ec7f17ff669a56edb710c91.jpg"
            },
            {
                "recipe_step_content": "\ubd88\uc5b4\ub09c \ucf69\uc5d0 \uc7a0\uae30\uac8c \ubb3c\uc744 \ubd93\uace0 \ub2e4\uc2dc\ub9c8 \ud55c\uc7a5 \ub123\uc5b4\uc11c \ub053\uc5ec\uc90d\ub2c8\ub2e4.",
                "recipe_step_img": "https://recipe1.ezmember.co.kr/cache/recipe/2022/07/04/8d5bcdd5e420be0973b2f5ba5c320aa61.jpg"
            },
            {
                "recipe_step_content": "\ud55c\uc18c\ub054 \ub053\uc778 \ud6c4 \ub2e4\uc2dc\ub9c8\ub294 \ube7c\uc8fc\uc2dc\uace0 \ucf69\uc5d0\uc11c \ub098\uc628 \uac70\ud488\uc744 \uac77\uc5b4\uc90d\ub2c8\ub2e4.\uac70\ud488\uc744 \uac77\uc5b4\ub0b4\uc57c \uc544\ub9b0\ub9db\uc774 \uc548\ub098\uc694~",
                "recipe_step_img": "https://recipe1.ezmember.co.kr/cache/recipe/2022/07/04/e6e8b06504d2e8d750cedab100d7f6dd1.jpg"
            },
            {
                "recipe_step_content": "\uc2dd\uc6a9\uc720 \ud55c\ud070\uc220 \ub123\uace0~\uc2dd\uc6a9\uc720\ub97c \ub123\ub294 \uc774\uc720\ub294 \uc644\uc131\ud55c \ud6c4 \ubc18\uc9c8\ubc18\uc9c8 \uc724\uc774\ub098\uac8c \ub9cc\ub4e4\uc5b4\uc8fc\uae30 \uc704\ud568\uc774\uc5d0\uc694~",
                "recipe_step_img": "https://recipe1.ezmember.co.kr/cache/recipe/2022/07/04/1bf82fe5e5f5a9bcdf8a61ccad340f4e1.jpg"
            },
            {
                "recipe_step_content": "\uac04\uc7a5\ub3c4 \ub123\uc5b4\uc11c 20\ubd84 \uc815\ub3c4 \ucf69\uc774 \uc775\uc744 \uc218 \uc788\uac8c \uc878\uc5ec\uc90d\ub2c8\ub2e4.\uc911\uc57d\ubd8820\ubd84 \uc815\ub3c4 \uc878\uc5ec\uc57c \ucf69\uc774 \uc775\uc5b4\uc694. \uc911\uac04\uc5d0 \ubb3c\uc774 \uc5c6\uc73c\uba74 \ucca8\uac00\ud574\uc8fc\uc138\uc694!",
                "recipe_step_img": "https://recipe1.ezmember.co.kr/cache/recipe/2022/07/04/26bb86d3462b493f57293cce88cf0c731.jpg"
            },
            {
                "recipe_step_content": "\uc878\uc5ec\uc9c4 \ucf69\uc5d0 (\ubb3c\uc774 \uc57d\uac04 \uc788\ub294 \uc0c1\ud0dc) \uc124\ud0d5\uc744 \ub123\uace0~",
                "recipe_step_img": "https://recipe1.ezmember.co.kr/cache/recipe/2022/07/04/0287075057f5b9b62ed2331579b690221.jpg"
            },
            {
                "recipe_step_content": "\ubb3c\uc5ff\ub3c4 \ub123\uc5b4\uc11c \ubcf6\uc73c\uba74\uc11c \uc878\uc5ec\uc90d\ub2c8\ub2e4.",
                "recipe_step_img": "https://recipe1.ezmember.co.kr/cache/recipe/2022/07/04/e4b4589c7faa21d887aac9a84a7813281.jpg"
            },
            {
                "recipe_step_content": "\uae68\uc18c\uae08\uc744 \ub123\uace0 \ub9c8\ubb34\ub9ac\ud574\uc694~",
                "recipe_step_img": "https://recipe1.ezmember.co.kr/cache/recipe/2022/07/04/5ada4fe04ae9b7199010582f0f5100c31.jpg"
            }
        ],
        "recipe_material_list": [
            {
                "material_name": "\uac80\uc740\ucf69",
                "material_opecity": "120g "
            },
            {
                "material_name": "\ub2e4\uc2dc\ub9c8",
                "material_opecity": "1\uc7a5 "
            },
            {
                "material_name": "\uc2dd\uc6a9\uc720",
                "material_opecity": "1T "
            },
            {
                "material_name": "\uac04\uc7a5",
                "material_opecity": "2T "
            },
            {
                "material_name": "\uc124\ud0d5",
                "material_opecity": "1t "
            },
            {
                "material_name": "\ubb3c\uc5ff",
                "material_opecity": "1T "
            },
            {
                "material_name": "\uae68\uc18c\uae08",
                "material_opecity": "\uc57d\uac04 "
            }
        ]
    },
    {
        "_id": "660ccfac7d34c5b74c6cd1e7",
        "recipe_title": "'\uc815\uc2dd\ud488 \uac80\uc815\ucf69\uad6d\ubb3c'\ub85c \uc9c0\uc740 \ub9db\uc788\ub294 '\ud1b3\ubc25'",
        "recipe_img_url": "https://recipe1.ezmember.co.kr/cache/recipe/2020/09/01/835006f113a917d60a8e975ef0e1bcd71.jpg",
        "recipe_steps": [
            {
                "recipe_step_content": "\uc900\ube44 ---\n\uc300\uc740 1\uc2dc\uac04 \uc774\uc0c1 \ubd88\ub824 \ub450\uc5c8\uace0,\n\ud1b3\uc740 \uc18c\uae08\uc744 \uc53b\uc5b4 \ub0b4\uace0 \uc57d 30~40\ubd84 \uc815\ub3c4 \ub109\ub109\ud55c \ubb3c\uc5d0 \ub2f4\uac00 \uc18c\uae08\uae30\ub97c \uc81c\uac70\ud558\uace0 \ubb3c\uc5d0 \ud5f9\uad70 \ud6c4 \ubb3c\uae30\ub97c \ube7c \ub454\ub2e4.",
                "recipe_step_img": ""
            },
            {
                "recipe_step_content": "\ud1b3 \uc740 2cm~3cm\ub85c \uc790\ub974\uace0 , \ub2f9\uadfc \uc57d\uac04\uc740 \uc587\uac8c \ucc44 \uc36c\ub2e4.",
                "recipe_step_img": "https://recipe1.ezmember.co.kr/cache/recipe/2020/09/01/9a4cb52e6fa564d60c05f6127366fb521.jpg"
            },
            {
                "recipe_step_content": "\uc1a5\uc5d0 \uc300\uc744 \ub2f4\uace0 \ud1b3\uacfc \ub2f9\uadfc\uc744 \ub123\ub294\ub2e4.",
                "recipe_step_img": "https://recipe1.ezmember.co.kr/cache/recipe/2020/09/01/1014dbeeb23f4581269f357ef927f6fa1.jpg"
            },
            {
                "recipe_step_content": "\uac80\uc815\ucf69\uad6d\ubb3c\uc744 \ubd80\uc740 \ud6c4 \uc798 \uc11e\ub294\ub2e4.\n\ucf69\uad6d\ubb3c\uc740 \ubcf4\ud1b5 \ub54c \ubc25\ubb3c\uacfc \uac19\uc740 \uc591\uc73c\ub85c \ud558\uba74 \ub41c\ub2e4.\n",
                "recipe_step_img": "https://recipe1.ezmember.co.kr/cache/recipe/2020/09/01/de11cc890b07c24f941a0c28aee920db1.jpg"
            }
        ],
        "recipe_material_list": [
            {
                "material_name": "\uc300",
                "material_opecity": "200ml "
            },
            {
                "material_name": "\uc5fc\uc7a5\ud1b3",
                "material_opecity": "30g "
            },
            {
                "material_name": "\ub2f9\uadfc",
                "material_opecity": "\uc57d\uac04 "
            },
            {
                "material_name": "\uac80\uc815\ucf69\uad6d\ubb3c",
                "material_opecity": " "
            }
        ]
    }
]